{
  "n_chains": 4,
  "chain_lengths": [
    25000,
    25000,
    25000,
    25000
  ],
  "min_chain_length": 25000,
  "metrics": {
    "efficiency_gap": {
      "per_chain": [
        {
          "n": 25000,
          "tau": 663.2047758647849,
          "n_eff": 37.695747844097305,
          "max_lag_used": 1472,
          "rho_lag_1": 0.9907961665397665,
          "rho_lag_10": 0.9160574505277778,
          "rho_lag_100": 0.5531013546573952,
          "chain_idx": 0
        },
        {
          "n": 25000,
          "tau": 454.8654970855743,
          "n_eff": 54.96130209958907,
          "max_lag_used": 1409,
          "rho_lag_1": 0.9893356971977837,
          "rho_lag_10": 0.8973386225853914,
          "rho_lag_100": 0.40929774883623943,
          "chain_idx": 1
        },
        {
          "n": 25000,
          "tau": 438.198428081961,
          "n_eff": 57.05177928051348,
          "max_lag_used": 1280,
          "rho_lag_1": 0.9891857515654839,
          "rho_lag_10": 0.899815033869947,
          "rho_lag_100": 0.4293914743649,
          "chain_idx": 2
        },
        {
          "n": 25000,
          "tau": 500.30606468765336,
          "n_eff": 49.96941225489197,
          "max_lag_used": 835,
          "rho_lag_1": 0.9913312447002863,
          "rho_lag_10": 0.9194548583413102,
          "rho_lag_100": 0.5390184588974674,
          "chain_idx": 3
        }
      ],
      "per_chain_neff_total": 199.6782414790918,
      "worst_per_chain_ess": 37.695747844097305,
      "pooled_ess_inflated_estimate": {
        "n": 100000,
        "tau": 523.4460324175532,
        "n_eff": 191.04166199932135,
        "max_lag_used": 1275,
        "rho_lag_1": 0.9903373923109199,
        "rho_lag_10": 0.9099653112901263,
        "rho_lag_100": 0.4936022373697075
      },
      "gelman_rubin": {
        "m": 4,
        "n": 25000,
        "rhat": 1.0071930389838257,
        "B": 0.08422806804825793,
        "W": 0.00023270929180862316,
        "V_hat": 0.00023606910615888113,
        "chain_means": [
          0.013260212010650696,
          0.014441783074089545,
          0.013136356326255873,
          0.017090108132315544
        ],
        "chain_vars": [
          0.00025246773919233975,
          0.0001987820277796794,
          0.00022963552052602328,
          0.0002499518797364502
        ]
      }
    },
    "mean_median": {
      "per_chain": [
        {
          "n": 25000,
          "tau": 306.4043766147371,
          "n_eff": 81.59152384247497,
          "max_lag_used": 666,
          "rho_lag_1": 0.985250147317057,
          "rho_lag_10": 0.8698361951396076,
          "rho_lag_100": 0.4498518225320158,
          "chain_idx": 0
        },
        {
          "n": 25000,
          "tau": 517.9676985226428,
          "n_eff": 48.265558009322724,
          "max_lag_used": 1533,
          "rho_lag_1": 0.9852967527456282,
          "rho_lag_10": 0.8745764168231415,
          "rho_lag_100": 0.46268723021853025,
          "chain_idx": 1
        },
        {
          "n": 25000,
          "tau": 384.05594758093355,
          "n_eff": 65.09468257806802,
          "max_lag_used": 1239,
          "rho_lag_1": 0.9836016877953114,
          "rho_lag_10": 0.8519299032756299,
          "rho_lag_100": 0.3516682101177652,
          "chain_idx": 2
        },
        {
          "n": 25000,
          "tau": 597.8413456850016,
          "n_eff": 41.817114491061524,
          "max_lag_used": 1566,
          "rho_lag_1": 0.9888395297565379,
          "rho_lag_10": 0.9048533312911927,
          "rho_lag_100": 0.5611403933924233,
          "chain_idx": 3
        }
      ],
      "per_chain_neff_total": 236.76887892092725,
      "worst_per_chain_ess": 41.817114491061524,
      "pooled_ess_inflated_estimate": {
        "n": 100000,
        "tau": 559.8084513319214,
        "n_eff": 178.6325300414374,
        "max_lag_used": 1957,
        "rho_lag_1": 0.9862115961026638,
        "rho_lag_10": 0.8794342616868168,
        "rho_lag_100": 0.4730935540922355
      },
      "gelman_rubin": {
        "m": 4,
        "n": 25000,
        "rhat": 1.0172213779608434,
        "B": 0.05126175125110033,
        "W": 5.895656831423886e-05,
        "V_hat": 6.10046801015503e-05,
        "chain_means": [
          -0.01676354715591232,
          -0.01753004987976792,
          -0.01673407983299173,
          -0.01977667670737119
        ],
        "chain_vars": [
          5.8289442359030994e-05,
          5.798528506268811e-05,
          5.519663614752666e-05,
          6.435490968770967e-05
        ]
      }
    },
    "declination": {
      "per_chain": [
        {
          "n": 25000,
          "tau": 656.5891222754783,
          "n_eff": 38.07556225323972,
          "max_lag_used": 1476,
          "rho_lag_1": 0.9913490993287107,
          "rho_lag_10": 0.9202029226493901,
          "rho_lag_100": 0.5758309410895073,
          "chain_idx": 0
        },
        {
          "n": 25000,
          "tau": 467.8499857859097,
          "n_eff": 53.43593194302268,
          "max_lag_used": 1214,
          "rho_lag_1": 0.9898968871911603,
          "rho_lag_10": 0.9020782522094989,
          "rho_lag_100": 0.440808545206387,
          "chain_idx": 1
        },
        {
          "n": 25000,
          "tau": 417.0916543548591,
          "n_eff": 59.938864129681555,
          "max_lag_used": 1223,
          "rho_lag_1": 0.9900525260513822,
          "rho_lag_10": 0.9075705547111652,
          "rho_lag_100": 0.4493617685038089,
          "chain_idx": 2
        },
        {
          "n": 25000,
          "tau": 487.07457586248506,
          "n_eff": 51.32684241572528,
          "max_lag_used": 856,
          "rho_lag_1": 0.9916030155720124,
          "rho_lag_10": 0.9213709878536613,
          "rho_lag_100": 0.5443441292390636,
          "chain_idx": 3
        }
      ],
      "per_chain_neff_total": 202.77720074166922,
      "worst_per_chain_ess": 38.07556225323972,
      "pooled_ess_inflated_estimate": {
        "n": 100000,
        "tau": 524.1594019797116,
        "n_eff": 190.78165844647134,
        "max_lag_used": 1243,
        "rho_lag_1": 0.9909305810200294,
        "rho_lag_10": 0.9148500315118874,
        "rho_lag_100": 0.5143784704156923
      },
      "gelman_rubin": {
        "m": 4,
        "n": 25000,
        "rhat": 1.0098021414853542,
        "B": 0.5481133158236201,
        "W": 0.001110644746956116,
        "V_hat": 0.0011325248537991826,
        "chain_means": [
          0.004670001908198411,
          0.0019201494376100703,
          0.007207388464279438,
          -0.003710543364657717
        ],
        "chain_vars": [
          0.001190106190708919,
          0.0009466617655640952,
          0.0010962690220600174,
          0.001209542009491432
        ]
      }
    },
    "seats_at_50_50": {
      "per_chain": [
        {
          "n": 25000,
          "tau": 404.13389366131105,
          "n_eff": 61.86068625303556,
          "max_lag_used": 922,
          "rho_lag_1": 0.9901894842632074,
          "rho_lag_10": 0.9098426702554349,
          "rho_lag_100": 0.45944007226105765,
          "chain_idx": 0
        },
        {
          "n": 25000,
          "tau": 509.56679021554976,
          "n_eff": 49.061282014522284,
          "max_lag_used": 1718,
          "rho_lag_1": 0.9900534521132714,
          "rho_lag_10": 0.9070818808587742,
          "rho_lag_100": 0.4925100418047495,
          "chain_idx": 1
        },
        {
          "n": 25000,
          "tau": 780.5397279739277,
          "n_eff": 32.02911921587042,
          "max_lag_used": 1746,
          "rho_lag_1": 0.9918191297751959,
          "rho_lag_10": 0.9258252513710643,
          "rho_lag_100": 0.604782107629987,
          "chain_idx": 2
        },
        {
          "n": 25000,
          "tau": 407.17807726362287,
          "n_eff": 61.39819748648705,
          "max_lag_used": 1007,
          "rho_lag_1": 0.9923617479887433,
          "rho_lag_10": 0.9301264969697591,