{
  "2019_enacted": {
    "label": "2019_enacted",
    "n_districts": 87,
    "mean_ucp_vote_share": 0.5701329161743978,
    "ucp_wins": 57,
    "partisan_bias": -0.005747126436781602,
    "lopsided_t": 3.0702186334693993,
    "lopsided_p": 0.002887475501944752,
    "partisan_gini": 0.025178928648492492,
    "responsiveness": 2.8735632183908066,
    "partisan_bias_percentile": 99.399
  },
  "majority_2026": {
    "label": "majority_2026",
    "n_districts": 87,
    "mean_ucp_vote_share": 0.5631152089092325,
    "ucp_wins": 55,
    "partisan_bias": -0.04022988505747127,
    "lopsided_t": 3.157683711982128,
    "lopsided_p": 0.002202779895120431,
    "partisan_gini": 0.022665991711316693,
    "responsiveness": 1.1494252873563204,
    "partisan_bias_percentile": 76.766
  },
  "minority_2026": {
    "label": "minority_2026",
    "n_districts": 83,
    "mean_ucp_vote_share": 0.5923376542877368,
    "ucp_wins": 59,
    "partisan_bias": -0.042168674698795205,
    "lopsided_t": 3.4911306613264155,
    "lopsided_p": 0.0008249545314935785,
    "partisan_gini": 0.03260159810310442,
    "responsiveness": 2.409638554216867,
    "partisan_bias_percentile": 49.66
  }
}