{
  "method": {
    "n_perturbations_requested": 200,
    "n_perturbations_collected": 200,
    "seed": 42,
    "offset_meters": 500.0,
    "perturbation": "per-polygon independent translate(dx, dy) with dx, dy ~ Uniform(-offset_m, +offset_m); topology overlap handled by MAUP per-VA weight renormalisation.",
    "inputs": {
      "va_gpkg": "C:\\Users\\email\\Documents\\Claude\\Projects\\Electoral Boundary Analysis\\alberta_audit\\data\\va_polygons_with_full_2023_votes.gpkg",
      "majority_canonical_clean": "C:\\Users\\email\\Documents\\Claude\\Projects\\Electoral Boundary Analysis\\alberta_audit\\data\\v0_2_canonical_majority_2026_eds_topoclean.gpkg",
      "minority_canonical_clean": "C:\\Users\\email\\Documents\\Claude\\Projects\\Electoral Boundary Analysis\\alberta_audit\\data\\v0_2_canonical_minority_2026_eds_topoclean.gpkg"
    }
  },
  "conservation_gate": {
    "n_pass": 200,
    "n_total": 200,
    "pass_rate": 1.0,
    "all_realisations_conserved": true
  },
  "point_estimates_maup_v2": {
    "majority_eg_pct": -2.346182160488602,
    "minority_eg_pct": 1.002107484453266,
    "asymmetry_pp": 3.348289644941868,
    "majority_mm_pp": -1.3621963732590225,
    "minority_mm_pp": -1.5931047193678272,
    "majority_ndp_seats": 40,
    "minority_ndp_seats": 33
  },
  "metrics": {
    "majority_eg_pct": {
      "n": 200,
      "mean": -3.570430855649426,
      "std": 1.585336924277586,
      "p5": -5.662593927849233,
      "p50": -2.589665666738971,
      "p95": -1.8503131502124595,
      "min": -6.103150332794332,
      "max": -0.8004438526640527
    },
    "minority_eg_pct": {
      "n": 200,
      "mean": 0.9836397258698178,
      "std": 0.8503257519925647,
      "p5": -0.16689384749260933,
      "p50": 0.7729824973720341,
      "p95": 2.3454649167146244,
      "min": -1.1967098800024283,
      "max": 3.7427107873586176
    },
    "asymmetry_pp": {
      "n": 200,
      "mean": 4.554070581519244,
      "std": 1.8203207868161255,
      "p5": 1.6940945487957542,
      "p50": 4.349384741726248,
      "p95": 7.666347544331303,
      "min": 1.0069265844542394,
      "max": 8.137651421415098
    },
    "majority_mm_pp": {
      "n": 200,
      "mean": -1.5392815303395915,
      "std": 0.2673414167824902,
      "p5": -2.0095542002809315,
      "p50": -1.5226840574964595,
      "p95": -1.1297374089998642,
      "min": -2.4351128786383014,
      "max": -0.8696774758136683
    },
    "minority_mm_pp": {
      "n": 200,
      "mean": -1.6543517080670997,
      "std": 0.35018340832558437,
      "p5": -2.259639930919261,
      "p50": -1.613622045058799,
      "p95": -1.111668472396361,
      "min": -2.6900100188213596,
      "max": -0.7098085250262565
    },
    "majority_declination": {
      "n": 200,
      "mean": -0.0450802360209733,
      "std": 0.009155538072548128,
      "p5": -0.05742341703924348,
      "p50": -0.044228003131454266,
      "p95": -0.029944557836811304,
      "min": -0.05980878545103025,
      "max": -0.018459097861108758
    },
    "minority_declination": {
      "n": 200,
      "mean": -0.023511203610908592,
      "std": 0.011110889663810219,
      "p5": -0.03736138356744782,
      "p50": -0.022859770081322332,
      "p95": -0.008024828285463692,
      "min": -0.0487257390975271,
      "max": 0.004875130570522911
    },
    "majority_seats_at_50_ndp": {
      "n": 200,
      "mean": 48.93,
      "std": 0.46495258309059123,
      "p5": 48.0,
      "p50": 49.0,
      "p95": 50.0,
      "min": 48.0,
      "max": 50.0
    },
    "minority_seats_at_50_ndp": {
      "n": 200,
      "mean": 45.075,
      "std": 1.2796729324598344,
      "p5": 43.0,
      "p50": 45.0,
      "p95": 47.0,
      "min": 42.0,
      "max": 49.0
    },
    "majority_ndp_seats": {
      "n": 200,
      "mean": 40.1,
      "std": 0.7159349230693749,
      "p5": 39.0,
      "p50": 40.0,
      "p95": 41.0,
      "min": 38.0,
      "max": 41.0
    },
    "minority_ndp_seats": {
      "n": 200,
      "mean": 35.095,
      "std": 0.900013958574055,
      "p5": 34.0,
      "p50": 35.0,
      "p95": 36.0,
      "min": 33.0,
      "max": 37.0
    }
  },
  "direction_stats": {
    "n_samples": 200,
    "n_positive": 200,
    "n_negative": 0,
    "n_near_zero_abs_lt_0p05": 0,
    "fraction_positive": 1.0,
    "p5_asymmetry": 1.6940945487957542,
    "p95_asymmetry": 7.666347544331303,
    "ci90_crosses_zero": false
  },
  "outputs": {
    "samples_csv": "C:\\Users\\email\\Documents\\Claude\\Projects\\Electoral Boundary Analysis\\alberta_audit\\data\\v0_1_dpg_perturbation_samples.csv",
    "summary_json": "C:\\Users\\email\\Documents\\Claude\\Projects\\Electoral Boundary Analysis\\alberta_audit\\data\\v0_1_dpg_perturbation_summary.json",
    "writeup": "C:\\Users\\email\\Documents\\Claude\\Projects\\Electoral Boundary Analysis\\alberta_audit\\analysis\\reports\\v0_1_dpg_perturbation_analysis.md"
  }
}