{
  "seed_salt": "drain-label-shuffle",
  "drand_round": 5500000,
  "seed_majority": 460508741,
  "seed_minority": 3874621802,
  "n_permutations": 10000,
  "majority": {
    "label": "majority",
    "observed": 0.00017876891306582677,
    "null_mean": 0.03208467753101212,
    "null_std": 0.010946679844767803,
    "z": -2.9146653661563326,
    "percentile_rank": 0.0,
    "p_two_tailed": 0.0,
    "n_perm": 10000,
    "null_scores_p5": 0.015308464472164359,
    "null_scores_p95": 0.05110795263111207,
    "null_scores_p025": 0.012633901049519575,
    "null_scores_p975": 0.055281771175247144
  },
  "minority": {
    "label": "minority",
    "observed": 0.00617633591527195,
    "null_mean": 0.016741289721040067,
    "null_std": 0.007697909259516846,
    "z": -1.372444575480904,
    "percentile_rank": 0.0671,
    "p_two_tailed": 0.1342,
    "n_perm": 10000,
    "null_scores_p5": 0.0054480962463372695,
    "null_scores_p95": 0.030616925911643784,
    "null_scores_p025": 0.003923110956570692,
    "null_scores_p975": 0.03401307073919346
  },
  "predictions": {
    "A_majority_gt_minority": false,
    "B_majority_in_null": false,
    "B_minority_in_null": true
  }
}