{
  "efficiency_gap": {
    "n": 1010000,
    "tau": 602.3968579868798,
    "n_eff": 1676.635571067334,
    "max_lag_used": 2000,
    "rho_lag_1": 0.9902056869930755,
    "rho_lag_10": 0.9087438927017657,
    "rho_lag_100": 0.4929210210268472
  },
  "mean_median": {
    "n": 1010000,
    "tau": 706.8841066288704,
    "n_eff": 1428.8056422950135,
    "max_lag_used": 2000,
    "rho_lag_1": 0.9878453790397176,
    "rho_lag_10": 0.8956037221364627,
    "rho_lag_100": 0.5255290383390457
  },
  "declination": {
    "n": 1010000,
    "tau": 600.5920336393513,
    "n_eff": 1681.6739873817467,
    "max_lag_used": 2000,
    "rho_lag_1": 0.9905017186465026,
    "rho_lag_10": 0.9115037709224704,
    "rho_lag_100": 0.5022177387664477
  },
  "seats_at_50_50": {
    "n": 1010000,
    "tau": 675.6656908039351,
    "n_eff": 1494.822089898127,
    "max_lag_used": 2000,
    "rho_lag_1": 0.9915467351767562,
    "rho_lag_10": 0.9216048815662341,
    "rho_lag_100": 0.5500314066541092
  },
  "population_mad": {
    "n": 1010000,
    "tau": 155.5493951367335,
    "n_eff": 6493.114287665174,
    "max_lag_used": 1002,
    "rho_lag_1": 0.9669359462137715,
    "rho_lag_10": 0.7970466683156361,
    "rho_lag_100": 0.22659504469454259
  },
  "reock_proxy_median": {
    "n": 1010000,
    "tau": 345.2490640143874,
    "n_eff": 2925.4242958871882,
    "max_lag_used": 2000,
    "rho_lag_1": 0.9805021827721487,
    "rho_lag_10": 0.867784582023774,
    "rho_lag_100": 0.39412707684700676
  },
  "reock_proxy_pct_below_030": {
    "n": 1010000,
    "tau": 292.08155382509693,
    "n_eff": 3457.9383284327637,
    "max_lag_used": 2000,
    "rho_lag_1": 0.9860360601297834,
    "rho_lag_10": 0.8719744333763078,
    "rho_lag_100": 0.3281644197259622
  }
}