{
  "2019_enacted": {
    "efficiency_gap": -0.022514242021536478,
    "mean_median": 0.019831249365469428,
    "declination": -0.0836088282883064,
    "seats_at_50_50": 0.5172413793103449,
    "ucp_seats": 62,
    "n_districts": 87,
    "ucp_vote_share": 0.6268303318415447,
    "source": "2019_enacted_VA_agg",
    "coverage_vas": 4765,
    "coverage_vas_total": 4765,
    "coverage_pct": 1.0
  },
  "majority_2026": {
    "efficiency_gap": -0.01317426231152335,
    "mean_median": 0.017496484612440355,
    "declination": -0.08870692913948641,
    "seats_at_50_50": 0.5056179775280899,
    "ucp_seats": 64,
    "n_districts": 89,
    "ucp_vote_share": 0.6268303318415447,
    "coverage_vas": 4765,
    "coverage_vas_total": 4765,
    "coverage_pct": 1.0,
    "covered_votes": 1637408.0,
    "all_vote_total": 1637408.0,
    "votes_coverage_pct": 1.0,
    "source": "ea_majority_2026_eds.gpkg",
    "population_mad": 2826.8945263667047,
    "reock_proxy_median": 0.5681238648363268,
    "reock_proxy_pct_below_030": 0.02247191011235955
  },
  "minority_2026": {
    "efficiency_gap": -0.004919294595804808,
    "mean_median": 0.025192554641268128,
    "declination": -0.11408541706644841,
    "seats_at_50_50": 0.5393258426966292,
    "ucp_seats": 65,
    "n_districts": 89,
    "ucp_vote_share": 0.6268303318415446,
    "coverage_vas": 4765,
    "coverage_vas_total": 4765,
    "coverage_pct": 1.0,
    "covered_votes": 1637408.0,
    "all_vote_total": 1637408.0,
    "votes_coverage_pct": 1.0,
    "source": "ea_minority_2026_eds.gpkg",
    "population_mad": 3938.1069235499162,
    "reock_proxy_median": 0.5784679859542419,
    "reock_proxy_pct_below_030": 0.011235955056179775
  },
  "majority_source": "ea_majority_2026_eds.gpkg",
  "minority_source": "ea_minority_2026_eds.gpkg",
  "name_col": "EDName2025",
  "n_steps": 100000,
  "seed": 3562959107
}