{
  "efficiency_gap": {
    "n": 100000,
    "tau": 401.014222800703,
    "n_eff": 249.3677139468897,
    "max_lag_used": 1513,
    "rho_lag_1": 0.9901718197222678,
    "rho_lag_10": 0.9081260852809785,
    "rho_lag_100": 0.4616216428321059
  },
  "mean_median": {
    "n": 100000,
    "tau": 400.9036674707251,
    "n_eff": 249.43648091546137,
    "max_lag_used": 1003,
    "rho_lag_1": 0.9873583308077087,
    "rho_lag_10": 0.8901309545456475,
    "rho_lag_100": 0.46418552712258704
  },
  "declination": {
    "n": 100000,
    "tau": 414.1777821392046,
    "n_eff": 241.44221228745226,
    "max_lag_used": 1519,
    "rho_lag_1": 0.9904786334509815,
    "rho_lag_10": 0.9107296043655052,
    "rho_lag_100": 0.46581715448826994
  },
  "seats_at_50_50": {
    "n": 100000,
    "tau": 443.83422817182117,
    "n_eff": 225.30934671691676,
    "max_lag_used": 1605,
    "rho_lag_1": 0.991385667278456,
    "rho_lag_10": 0.9193564985797171,
    "rho_lag_100": 0.509527218406671
  },
  "population_mad": {
    "n": 100000,
    "tau": 123.08884485443004,
    "n_eff": 812.4213052633985,
    "max_lag_used": 365,
    "rho_lag_1": 0.9660043894127315,
    "rho_lag_10": 0.7913377548958102,
    "rho_lag_100": 0.1959200322386589
  },
  "reock_proxy_median": {
    "n": 100000,
    "tau": 233.79119427234832,
    "n_eff": 427.7321064689369,
    "max_lag_used": 798,
    "rho_lag_1": 0.9791896502507415,
    "rho_lag_10": 0.8626333503483635,
    "rho_lag_100": 0.36547145613064
  },
  "reock_proxy_pct_below_030": {
    "n": 100000,
    "tau": 332.8227645393689,
    "n_eff": 300.46021683162604,
    "max_lag_used": 2000,
    "rho_lag_1": 0.9867126209060334,
    "rho_lag_10": 0.8787367806407481,
    "rho_lag_100": 0.3503850465980349
  }
}