{
  "efficiency_gap": {
    "n": 50000,
    "tau": 304.48658737790663,
    "n_eff": 164.21084564208942,
    "max_lag_used": 741,
    "rho_lag_1": 0.9883442501563415,
    "rho_lag_10": 0.8909906787380004,
    "rho_lag_100": 0.4147252954820454
  },
  "mean_median": {
    "n": 50000,
    "tau": 433.39602420127824,
    "n_eff": 115.36792496457916,
    "max_lag_used": 1362,
    "rho_lag_1": 0.9873646055212143,
    "rho_lag_10": 0.8941460461079284,
    "rho_lag_100": 0.4470473940001658
  },
  "declination": {
    "n": 50000,
    "tau": 320.8448073141452,
    "n_eff": 155.83858258003238,
    "max_lag_used": 771,
    "rho_lag_1": 0.9887705800449027,
    "rho_lag_10": 0.8939356278977185,
    "rho_lag_100": 0.42434778450687133
  },
  "seats_at_50_50": {
    "n": 50000,
    "tau": 326.74391223110706,
    "n_eff": 153.02503926878012,
    "max_lag_used": 1134,
    "rho_lag_1": 0.9890136285528053,
    "rho_lag_10": 0.8984555338243625,
    "rho_lag_100": 0.414729970518042
  },
  "population_mad": {
    "n": 50000,
    "tau": 145.57482288586877,
    "n_eff": 343.4659854554671,
    "max_lag_used": 510,
    "rho_lag_1": 0.96888917136738,
    "rho_lag_10": 0.8042970346139708,
    "rho_lag_100": 0.20408941589492915
  },
  "reock_proxy_median": {
    "n": 50000,
    "tau": 282.00653986300887,
    "n_eff": 177.30085275429656,
    "max_lag_used": 1003,
    "rho_lag_1": 0.9792939615749703,
    "rho_lag_10": 0.8615155403229113,
    "rho_lag_100": 0.3699740995898672
  },
  "reock_proxy_pct_below_030": {
    "n": 50000,
    "tau": 186.06443866463852,
    "n_eff": 268.724106330279,
    "max_lag_used": 510,
    "rho_lag_1": 0.9854808971965396,
    "rho_lag_10": 0.8690158532442185,
    "rho_lag_100": 0.32857224521335315
  }
}