{
  "efficiency_gap": {
    "n": 100000,
    "tau": 566.2609798535651,
    "n_eff": 176.5970172019622,
    "max_lag_used": 2000,
    "rho_lag_1": 0.9903827601792159,
    "rho_lag_10": 0.9089576037791496,
    "rho_lag_100": 0.46977860495564766
  },
  "mean_median": {
    "n": 100000,
    "tau": 477.9837238206285,
    "n_eff": 209.21214471630566,
    "max_lag_used": 1312,
    "rho_lag_1": 0.9864696193618133,
    "rho_lag_10": 0.8846922660645795,
    "rho_lag_100": 0.477191375074388
  },
  "declination": {
    "n": 100000,
    "tau": 714.5515757392641,
    "n_eff": 139.94791054311446,
    "max_lag_used": 2000,
    "rho_lag_1": 0.9913661830753224,
    "rho_lag_10": 0.9188545433935026,
    "rho_lag_100": 0.5299773470164117
  },
  "seats_at_50_50": {
    "n": 100000,
    "tau": 393.5226879579676,
    "n_eff": 254.11495463936518,
    "max_lag_used": 1002,
    "rho_lag_1": 0.9900152107283069,
    "rho_lag_10": 0.905264544340142,
    "rho_lag_100": 0.4657231192538936
  },
  "population_mad": {
    "n": 100000,
    "tau": 123.08884485443004,
    "n_eff": 812.4213052633985,
    "max_lag_used": 365,
    "rho_lag_1": 0.9660043894127315,
    "rho_lag_10": 0.7913377548958102,
    "rho_lag_100": 0.1959200322386589
  },
  "reock_proxy_median": {
    "n": 100000,
    "tau": 233.79119427234832,
    "n_eff": 427.7321064689369,
    "max_lag_used": 798,
    "rho_lag_1": 0.9791896502507415,
    "rho_lag_10": 0.8626333503483635,
    "rho_lag_100": 0.36547145613064
  },
  "reock_proxy_pct_below_030": {
    "n": 100000,
    "tau": 332.8227645393689,
    "n_eff": 300.46021683162604,
    "max_lag_used": 2000,
    "rho_lag_1": 0.9867126209060334,
    "rho_lag_10": 0.8787367806407481,
    "rho_lag_100": 0.3503850465980349
  }
}