{
  "efficiency_gap": {
    "n": 200000,
    "tau": 551.4039637242354,
    "n_eff": 362.7104866080047,
    "max_lag_used": 2000,
    "rho_lag_1": 0.9893792624845836,
    "rho_lag_10": 0.9018229189969381,
    "rho_lag_100": 0.45856044722837286
  },
  "mean_median": {
    "n": 200000,
    "tau": 731.9642145725188,
    "n_eff": 273.2374015262534,
    "max_lag_used": 2000,
    "rho_lag_1": 0.9862554186454988,
    "rho_lag_10": 0.8817104855142994,
    "rho_lag_100": 0.4953868252092663
  },
  "declination": {
    "n": 200000,
    "tau": 613.7929362256574,
    "n_eff": 325.8427854022601,
    "max_lag_used": 2000,
    "rho_lag_1": 0.9899314032393718,
    "rho_lag_10": 0.9066583366455616,
    "rho_lag_100": 0.48267139079829463
  },
  "seats_at_50_50": {
    "n": 200000,
    "tau": 1031.3613182605757,
    "n_eff": 193.91846141496416,
    "max_lag_used": 2000,
    "rho_lag_1": 0.9932302792856563,
    "rho_lag_10": 0.9368192981787262,
    "rho_lag_100": 0.6355812779463677
  },
  "population_mad": {
    "n": 200000,
    "tau": 124.78126538474842,
    "n_eff": 1602.804710974227,
    "max_lag_used": 369,
    "rho_lag_1": 0.9659514098643208,
    "rho_lag_10": 0.7909139534208831,
    "rho_lag_100": 0.19846763737110024
  },
  "reock_proxy_median": {
    "n": 200000,
    "tau": 232.41150785445552,
    "n_eff": 860.5425860635405,
    "max_lag_used": 766,
    "rho_lag_1": 0.9790776814619991,
    "rho_lag_10": 0.8616365377613098,
    "rho_lag_100": 0.3618747729351667
  },
  "reock_proxy_pct_below_030": {
    "n": 200000,
    "tau": 320.215100078128,
    "n_eff": 624.5801648679366,
    "max_lag_used": 1768,
    "rho_lag_1": 0.9866182886854729,
    "rho_lag_10": 0.8779320767561819,
    "rho_lag_100": 0.3479991905392792
  }
}