{
  "n_chains": 4,
  "chain_lengths": [
    62500,
    62500,
    62500,
    62500
  ],
  "min_chain_length": 62500,
  "metrics": {
    "efficiency_gap": {
      "per_chain": [
        {
          "n": 62500,
          "tau": 538.92951622698,
          "n_eff": 115.9706383082514,
          "max_lag_used": 1617,
          "rho_lag_1": 0.9910320279907696,
          "rho_lag_10": 0.9162787973085239,
          "rho_lag_100": 0.5209010109761114,
          "chain_idx": 0
        },
        {
          "n": 62500,
          "tau": 730.8227991893043,
          "n_eff": 85.52004681481029,
          "max_lag_used": 2000,
          "rho_lag_1": 0.9908265960880074,
          "rho_lag_10": 0.9119733864661869,
          "rho_lag_100": 0.49084322562555655,
          "chain_idx": 1
        },
        {
          "n": 62500,
          "tau": 608.773910689361,
          "n_eff": 102.6653719920857,
          "max_lag_used": 2000,
          "rho_lag_1": 0.991437559629973,
          "rho_lag_10": 0.9186377844641009,
          "rho_lag_100": 0.5482328597467735,
          "chain_idx": 2
        },
        {
          "n": 62500,
          "tau": 668.2275664957706,
          "n_eff": 93.53101119092426,
          "max_lag_used": 2000,
          "rho_lag_1": 0.9902684164741997,
          "rho_lag_10": 0.911304905693368,
          "rho_lag_100": 0.5031336951561175,
          "chain_idx": 3
        }
      ],
      "per_chain_neff_total": 397.68706830607164,
      "worst_per_chain_ess": 85.52004681481029,
      "pooled_ess_inflated_estimate": {
        "n": 250000,
        "tau": 635.6668909338448,
        "n_eff": 393.2877479787099,
        "max_lag_used": 2000,
        "rho_lag_1": 0.9909263804561776,
        "rho_lag_10": 0.9148379773486117,
        "rho_lag_100": 0.5174361529572189
      },
      "gelman_rubin": {
        "m": 4,
        "n": 62500,
        "rhat": 1.0011496519137935,
        "B": 0.034217665676730936,
        "W": 0.0002363276431261189,
        "V_hat": 0.00023687134453465657,
        "chain_means": [
          0.016083674897228523,
          0.016271133081170903,
          0.016750258529990198,
          0.014999120785226137
        ],
        "chain_vars": [
          0.00026608352757691376,
          0.0002272126259330942,
          0.00023862657963780407,
          0.00021338783935666362
        ]
      }
    },
    "mean_median": {
      "per_chain": [
        {
          "n": 62500,
          "tau": 772.8257626781956,
          "n_eff": 80.87204518572058,
          "max_lag_used": 2000,
          "rho_lag_1": 0.9871189331777392,
          "rho_lag_10": 0.8877920216877103,
          "rho_lag_100": 0.47493727863188084,
          "chain_idx": 0
        },
        {
          "n": 62500,
          "tau": 331.15358339930816,
          "n_eff": 188.73417994887558,
          "max_lag_used": 904,
          "rho_lag_1": 0.9858421829494212,
          "rho_lag_10": 0.8789596782682563,
          "rho_lag_100": 0.449187158604787,
          "chain_idx": 1
        },
        {
          "n": 62500,
          "tau": 504.9237383072493,
          "n_eff": 123.7810688194825,
          "max_lag_used": 1128,
          "rho_lag_1": 0.9871288712279052,
          "rho_lag_10": 0.8872634176266083,
          "rho_lag_100": 0.46675277400859827,
          "chain_idx": 2
        },
        {
          "n": 62500,
          "tau": 598.7986618818551,
          "n_eff": 104.37565074641307,
          "max_lag_used": 1567,
          "rho_lag_1": 0.98663333613085,
          "rho_lag_10": 0.8844953636757351,
          "rho_lag_100": 0.4677232594204268,
          "chain_idx": 3
        }
      ],
      "per_chain_neff_total": 497.76294470049174,
      "worst_per_chain_ess": 80.87204518572058,
      "pooled_ess_inflated_estimate": {
        "n": 250000,
        "tau": 592.4336061606479,
        "n_eff": 421.98821505106935,
        "max_lag_used": 2000,
        "rho_lag_1": 0.9868669712694806,
        "rho_lag_10": 0.8861851072427055,
        "rho_lag_100": 0.47123914871263045
      },
      "gelman_rubin": {
        "m": 4,
        "n": 62500,
        "rhat": 1.0076069952447946,
        "B": 0.052235367191683986,
        "W": 5.466860936619418e-05,
        "V_hat": 5.550350054351127e-05,
        "chain_means": [
          -0.01965758252263842,
          -0.018564181560862602,
          -0.01744143482796028,
          -0.01829235945234732
        ],
        "chain_vars": [
          5.485833424527285e-05,
          5.132092662423496e-05,
          6.009037008248443e-05,
          5.240480651278449e-05
        ]
      }
    },
    "declination": {
      "per_chain": [
        {
          "n": 62500,
          "tau": 511.7638499934824,
          "n_eff": 122.1266410294435,
          "max_lag_used": 1554,
          "rho_lag_1": 0.990668453229373,
          "rho_lag_10": 0.9133091055018108,
          "rho_lag_100": 0.5099015372170751,
          "chain_idx": 0
        },
        {
          "n": 62500,
          "tau": 749.7408104397709,
          "n_eff": 83.36214212927766,
          "max_lag_used": 2000,
          "rho_lag_1": 0.9913973015104328,
          "rho_lag_10": 0.9174781991881602,
          "rho_lag_100": 0.5060164648262749,
          "chain_idx": 1
        },
        {
          "n": 62500,
          "tau": 674.1939806675307,
          "n_eff": 92.70328984266176,
          "max_lag_used": 2000,
          "rho_lag_1": 0.9917925548329887,
          "rho_lag_10": 0.9221825342545701,
          "rho_lag_100": 0.5578796283294628,
          "chain_idx": 2
        },
        {
          "n": 62500,
          "tau": 750.2776035002655,
          "n_eff": 83.3024999125912,
          "max_lag_used": 2000,
          "rho_lag_1": 0.9906501448077039,
          "rho_lag_10": 0.9140788786131596,
          "rho_lag_100": 0.5226459217164869,
          "chain_idx": 3
        }
      ],
      "per_chain_neff_total": 381.49457291397414,
      "worst_per_chain_ess": 83.3024999125912,
      "pooled_ess_inflated_estimate": {
        "n": 250000,
        "tau": 670.5623726274342,
        "n_eff": 372.82139619680163,
        "max_lag_used": 2000,
        "rho_lag_1": 0.9911511096802574,
        "rho_lag_10": 0.9169621492526303,
        "rho_lag_100": 0.5253563044729859
      },
      "gelman_rubin": {
        "m": 4,
        "n": 62500,
        "rhat": 1.0016425238193425,
        "B": 0.2293928903835832,
        "W": 0.0011109470207022803,
        "V_hat": 0.0011145995317960865,
        "chain_means": [
          -0.0008856061852750332,
          -0.003114336529958174,
          -0.0035497920357727033,
          0.0005222687183090993
        ],
        "chain_vars": [
          0.0011954424526752795,
          0.001108270723580407,
          0.0011267846078802113,
          0.0010132902986732233
        ]
      }
    },
    "seats_at_50_50": {
      "per_chain": [
        {
          "n": 62500,
          "tau": 890.3307593416067,
          "n_eff": 70.1986305024644,
          "max_lag_used": 2000,
          "rho_lag_1": 0.9912495231898844,
          "rho_lag_10": 0.9188187180519692,
          "rho_lag_100": 0.5420139235387721,
          "chain_idx": 0
        },
        {
          "n": 62500,
          "tau": 378.0055833398908,
          "n_eff": 165.34147312792985,
          "max_lag_used": 833,
          "rho_lag_1": 0.990683339831188,
          "rho_lag_10": 0.9121619523537821,
          "rho_lag_100": 0.47607931350348426,
          "chain_idx": 1
        },
        {
          "n": 62500,
          "tau": 759.2300901023139,
          "n_eff": 82.32023574247103,
          "max_lag_used": 2000,
          "rho_lag_1": 0.9919346195736903,
          "rho_lag_10": 0.9262900147872142,
          "rho_lag_100": 0.5591577037288062,
          "chain_idx": 2
        },
        {
          "n": 62500,
          "tau": 584.979617687563,
          "n_eff": 106.84132935616432,
          "max_lag_used": 2000,
          "rho_lag_1": 0.9910387461592636,
          "rho_lag_10": 0.9177596351967701,