{
  "efficiency_gap": {
    "n": 100000,
    "tau": 306.44172636963975,
    "n_eff": 326.32631719146764,
    "max_lag_used": 735,
    "rho_lag_1": 0.988447134286845,
    "rho_lag_10": 0.8919366961855597,
    "rho_lag_100": 0.41798523183606356
  },
  "mean_median": {
    "n": 100000,
    "tau": 446.2635150103904,
    "n_eff": 224.0828493399728,
    "max_lag_used": 1664,
    "rho_lag_1": 0.9873671920826691,
    "rho_lag_10": 0.894166539278975,
    "rho_lag_100": 0.4470375938768923
  },
  "declination": {
    "n": 100000,
    "tau": 320.27874855417,
    "n_eff": 312.2280215325826,
    "max_lag_used": 766,
    "rho_lag_1": 0.9888549666939013,
    "rho_lag_10": 0.8947777448154054,
    "rho_lag_100": 0.42764578678370574
  },
  "seats_at_50_50": {
    "n": 100000,
    "tau": 319.45423481715517,
    "n_eff": 313.0338843597945,
    "max_lag_used": 1135,
    "rho_lag_1": 0.9890825652009398,
    "rho_lag_10": 0.8991449003057047,
    "rho_lag_100": 0.4164516588437784
  }
}