{
  "2019_enacted": {
    "efficiency_gap": 0.06584810921664158,
    "mean_median": 0.04140679092037958,
    "declination": -0.24424635942204212,
    "seats_at_50_50": 0.632183908045977,
    "ucp_seats": 61,
    "n_districts": 87,
    "ucp_vote_share": 0.5602504324878388,
    "source": "2019_enacted_VA_agg",
    "coverage_vas": 4765,
    "coverage_vas_total": 4765,
    "coverage_pct": 1.0
  },
  "majority_2026": {
    "efficiency_gap": 0.07583733046713308,
    "mean_median": 0.04290855504945812,
    "declination": -0.25223167043633643,
    "seats_at_50_50": 0.6292134831460674,
    "ucp_seats": 63,
    "n_districts": 89,
    "ucp_vote_share": 0.5602504324878387,
    "coverage_vas": 4765,
    "coverage_vas_total": 4765,
    "coverage_pct": 1.0,
    "covered_votes": 1327783.0,
    "all_vote_total": 1327783.0,
    "votes_coverage_pct": 1.0,
    "source": "ea_majority_2026_eds.gpkg",
    "population_mad": 2826.8945263667047,
    "reock_proxy_median": 0.5681238648363268,
    "reock_proxy_pct_below_030": 0.02247191011235955
  },
  "minority_2026": {
    "efficiency_gap": 0.10541790898877988,
    "mean_median": 0.04343422784329942,
    "declination": -0.3144339983146511,
    "seats_at_50_50": 0.6404494382022472,
    "ucp_seats": 65,
    "n_districts": 89,
    "ucp_vote_share": 0.5602504324878388,
    "coverage_vas": 4765,
    "coverage_vas_total": 4765,
    "coverage_pct": 1.0,
    "covered_votes": 1327783.0,
    "all_vote_total": 1327783.0,
    "votes_coverage_pct": 1.0,
    "source": "ea_minority_2026_eds.gpkg",
    "population_mad": 3938.1069235499162,
    "reock_proxy_median": 0.5784679859542419,
    "reock_proxy_pct_below_030": 0.011235955056179775
  },
  "majority_source": "ea_majority_2026_eds.gpkg",
  "minority_source": "ea_minority_2026_eds.gpkg",
  "name_col": "EDName2025",
  "n_steps": 100000,
  "seed": 3562959107
}