{
  "efficiency_gap": {
    "n": 250000,
    "tau": 593.8593463836474,
    "n_eff": 420.9751038228065,
    "max_lag_used": 2000,
    "rho_lag_1": 0.9899850079802197,
    "rho_lag_10": 0.9062753974662275,
    "rho_lag_100": 0.4809888780967305
  },
  "mean_median": {
    "n": 250000,
    "tau": 658.7839444571795,
    "n_eff": 379.4870869325654,
    "max_lag_used": 2000,
    "rho_lag_1": 0.987623338336501,
    "rho_lag_10": 0.8937220664847324,
    "rho_lag_100": 0.517135575327661
  },
  "declination": {
    "n": 250000,
    "tau": 564.43404223817,
    "n_eff": 442.9215484747629,
    "max_lag_used": 2000,
    "rho_lag_1": 0.9902238553145671,
    "rho_lag_10": 0.9083666068794034,
    "rho_lag_100": 0.4895455008728597
  },
  "seats_at_50_50": {
    "n": 250000,
    "tau": 552.5422209696032,
    "n_eff": 452.45411212431696,
    "max_lag_used": 1244,
    "rho_lag_1": 0.9912726581153251,
    "rho_lag_10": 0.919196517069323,
    "rho_lag_100": 0.5383749056871523
  },
  "population_mad": {
    "n": 250000,
    "tau": 155.01143334187552,
    "n_eff": 1612.7842612010984,
    "max_lag_used": 590,
    "rho_lag_1": 0.9680513669449203,
    "rho_lag_10": 0.8022790694383013,
    "rho_lag_100": 0.24009742127413497
  },
  "reock_proxy_median": {
    "n": 250000,
    "tau": 298.57463261855594,
    "n_eff": 837.3115887557251,
    "max_lag_used": 1336,
    "rho_lag_1": 0.9797467445939307,
    "rho_lag_10": 0.8642355630644643,
    "rho_lag_100": 0.37604792338374143
  },
  "reock_proxy_pct_below_030": {
    "n": 250000,
    "tau": 301.3650909605013,
    "n_eff": 829.5585902242623,
    "max_lag_used": 2000,
    "rho_lag_1": 0.9862198521717307,
    "rho_lag_10": 0.875053521092168,
    "rho_lag_100": 0.33983344668129484
  }
}