{
  "2019_enacted": {
    "efficiency_gap": 0.024119940578423545,
    "mean_median": -0.007671760176883757,
    "declination": -0.04509237880431511,
    "seats_at_50_50": 0.45977011494252873,
    "ucp_seats": 57,
    "n_districts": 87,
    "ucp_vote_share": 0.5740427639062995,
    "source": "2019_enacted_VA_agg",
    "coverage_vas": 4765,
    "coverage_vas_total": 4765,
    "coverage_pct": 1.0,
    "votes_coverage_pct": 1.0
  },
  "majority_2026": {
    "efficiency_gap": 0.01436228021483706,
    "mean_median": -0.007854675550633905,
    "declination": -0.028228298763724593,
    "seats_at_50_50": 0.4606741573033708,
    "ucp_seats": 58,
    "n_districts": 89,
    "ucp_vote_share": 0.5740427639062995,
    "coverage_vas": 4765,
    "coverage_vas_total": 4765,
    "coverage_pct": 1.0,
    "covered_votes": 932164.0,
    "all_vote_total": 932164.0,
    "votes_coverage_pct": 1.0,
    "source": "v0_9_topological_majority_2026_eds.gpkg"
  },
  "majority_source": "majority 2026 v0_9 topological",
  "minority_2026": {
    "efficiency_gap": 0.017455936485701956,
    "mean_median": -0.017938114847363518,
    "declination": 0.010510016514877743,
    "seats_at_50_50": 0.48314606741573035,
    "ucp_seats": 58,
    "n_districts": 89,
    "ucp_vote_share": 0.5740427639062994,
    "coverage_vas": 4765,
    "coverage_vas_total": 4765,
    "coverage_pct": 1.0,
    "covered_votes": 932164.0,
    "all_vote_total": 932164.0,
    "votes_coverage_pct": 1.0,
    "source": "v0_9_topological_minority_2026_eds.gpkg"
  },
  "minority_source": "minority 2026 v0_9 topological",
  "n_steps": 250000,
  "seed": 42
}