{
  "maps": [
    {
      "map": "2019_enacted",
      "count": 89,
      "mean": 0.355225,
      "median": 0.373581,
      "std_dev": 0.151445,
      "min": 0.002233,
      "max": 0.938348,
      "count_below_0_3": 32,
      "count_below_0_4": 54,
      "convex_hull_mean": 0.715593,
      "convex_hull_median": 0.77955,
      "convex_hull_min": 0.00363,
      "schwartzberg_mean": 0.577728,
      "schwartzberg_median": 0.611213,
      "schwartzberg_min": 0.047255
    },
    {
      "map": "majority_2026",
      "count": 89,
      "mean": 0.370713,
      "median": 0.382577,
      "std_dev": 0.155187,
      "min": 0.003758,
      "max": 0.886718,
      "count_below_0_3": 28,
      "count_below_0_4": 50,
      "convex_hull_mean": 0.715011,
      "convex_hull_median": 0.776913,
      "convex_hull_min": 0.007933,
      "schwartzberg_mean": 0.591246,
      "schwartzberg_median": 0.618528,
      "schwartzberg_min": 0.061302
    },
    {
      "map": "minority_2026",
      "count": 89,
      "mean": 0.377373,
      "median": 0.379081,
      "std_dev": 0.174129,
      "min": 0.004019,
      "max": 0.775811,
      "count_below_0_3": 27,
      "count_below_0_4": 49,
      "convex_hull_mean": 0.719415,
      "convex_hull_median": 0.762766,
      "convex_hull_min": 0.007922,
      "schwartzberg_mean": 0.589946,
      "schwartzberg_median": 0.615696,
      "schwartzberg_min": 0.063399
    }
  ]
}