{
  "efficiency_gap": {
    "n": 100000,
    "tau": 614.6358801787799,
    "n_eff": 162.69795373955859,
    "max_lag_used": 2000,
    "rho_lag_1": 0.9912863180724084,
    "rho_lag_10": 0.9177175670923697,
    "rho_lag_100": 0.5284781912797807
  },
  "mean_median": {
    "n": 100000,
    "tau": 457.27278420937677,
    "n_eff": 218.68784553382002,
    "max_lag_used": 1565,
    "rho_lag_1": 0.9864939498475316,
    "rho_lag_10": 0.8816247455076145,
    "rho_lag_100": 0.49613611720945705
  },
  "declination": {
    "n": 100000,
    "tau": 654.8184636005901,
    "n_eff": 152.7140811670752,
    "max_lag_used": 2000,
    "rho_lag_1": 0.9918393491303561,
    "rho_lag_10": 0.9230751496487607,
    "rho_lag_100": 0.5490108264907645
  },
  "seats_at_50_50": {
    "n": 100000,
    "tau": 809.7320146290629,
    "n_eff": 123.49764884350023,
    "max_lag_used": 2000,
    "rho_lag_1": 0.9916147409678114,
    "rho_lag_10": 0.9211655482355068,
    "rho_lag_100": 0.5611672386090296
  }
}