{
  "efficiency_gap": {
    "n": 100000,
    "tau": 673.6487342505454,
    "n_eff": 148.44531714477728,
    "max_lag_used": 2000,
    "rho_lag_1": 0.9902261110922108,
    "rho_lag_10": 0.906323404491595,
    "rho_lag_100": 0.48477081193927907
  },
  "mean_median": {
    "n": 100000,
    "tau": 624.001614199521,
    "n_eff": 160.25599569687262,
    "max_lag_used": 1657,
    "rho_lag_1": 0.9879543328162154,
    "rho_lag_10": 0.8959444112542648,
    "rho_lag_100": 0.5021252260297813
  },
  "declination": {
    "n": 100000,
    "tau": 662.4451958150538,
    "n_eff": 150.95588379497994,
    "max_lag_used": 2000,
    "rho_lag_1": 0.9906962521982834,
    "rho_lag_10": 0.9103886912600526,
    "rho_lag_100": 0.5009818422881771
  },
  "seats_at_50_50": {
    "n": 100000,
    "tau": 645.8721853033409,
    "n_eff": 154.82939546782606,
    "max_lag_used": 2000,
    "rho_lag_1": 0.9913347440485714,
    "rho_lag_10": 0.9194867189996754,
    "rho_lag_100": 0.5188963553769209
  }
}