{
  "efficiency_gap": {
    "n": 100000,
    "tau": 523.4460324175532,
    "n_eff": 191.04166199932135,
    "max_lag_used": 1275,
    "rho_lag_1": 0.9903373923109199,
    "rho_lag_10": 0.9099653112901263,
    "rho_lag_100": 0.4936022373697075
  },
  "mean_median": {
    "n": 100000,
    "tau": 559.8084513319214,
    "n_eff": 178.6325300414374,
    "max_lag_used": 1957,
    "rho_lag_1": 0.9862115961026638,
    "rho_lag_10": 0.8794342616868168,
    "rho_lag_100": 0.4730935540922355
  },
  "declination": {
    "n": 100000,
    "tau": 524.1594019797116,
    "n_eff": 190.78165844647134,
    "max_lag_used": 1243,
    "rho_lag_1": 0.9909305810200294,
    "rho_lag_10": 0.9148500315118874,
    "rho_lag_100": 0.5143784704156923
  },
  "seats_at_50_50": {
    "n": 100000,
    "tau": 557.3559824244418,
    "n_eff": 179.41854605204054,
    "max_lag_used": 1707,
    "rho_lag_1": 0.9913993198784277,
    "rho_lag_10": 0.921115324323273,
    "rho_lag_100": 0.5530919433309779
  }
}