{
  "n_chains": 4,
  "chain_lengths": [
    120000,
    120000,
    120000,
    140000
  ],
  "min_chain_length": 120000,
  "metrics": {
    "efficiency_gap": {
      "per_chain": [
        {
          "n": 120000,
          "tau": 595.6441700368256,
          "n_eff": 201.46256110016324,
          "max_lag_used": 2000,
          "rho_lag_1": 0.9906681007746484,
          "rho_lag_10": 0.9142184401540688,
          "rho_lag_100": 0.5138696835420913,
          "chain_idx": 0
        },
        {
          "n": 120000,
          "tau": 692.1721617483854,
          "n_eff": 173.36727281387218,
          "max_lag_used": 2000,
          "rho_lag_1": 0.9903059051843922,
          "rho_lag_10": 0.9096727090629319,
          "rho_lag_100": 0.4941296752091427,
          "chain_idx": 1
        },
        {
          "n": 120000,
          "tau": 636.7639861738946,
          "n_eff": 188.45286888952458,
          "max_lag_used": 2000,
          "rho_lag_1": 0.9908032078776102,
          "rho_lag_10": 0.9147240495808454,
          "rho_lag_100": 0.48480296400413575,
          "chain_idx": 2
        },
        {
          "n": 140000,
          "tau": 551.63230239127,
          "n_eff": 253.79224420526904,
          "max_lag_used": 1398,
          "rho_lag_1": 0.9905320577924166,
          "rho_lag_10": 0.9130240313189781,
          "rho_lag_100": 0.5166369566002768,
          "chain_idx": 3
        }
      ],
      "per_chain_neff_total": 817.074947008829,
      "worst_per_chain_ess": 173.36727281387218,
      "pooled_ess_inflated_estimate": {
        "n": 500000,
        "tau": 611.2873718623149,
        "n_eff": 817.9459007581445,
        "max_lag_used": 2000,
        "rho_lag_1": 0.9905793905994591,
        "rho_lag_10": 0.9129668864496376,
        "rho_lag_100": 0.5032220689351496
      },
      "gelman_rubin": {
        "m": 4,
        "n": 120000,
        "rhat": 1.0001058630809916,
        "B": 0.0063312872014603455,
        "W": 0.00023974443724415575,
        "V_hat": 0.0002397952001005242,
        "chain_means": [
          0.016414434689217487,
          0.016935446733262475,
          0.016835797389815867,
          0.016644452600916314
        ],
        "chain_vars": [
          0.0002441790085360608,
          0.0002305607719319103,
          0.00024060925359621429,
          0.00024362871491243756
        ]
      }
    },
    "mean_median": {
      "per_chain": [
        {
          "n": 120000,
          "tau": 455.4058300830148,
          "n_eff": 263.50123795763767,
          "max_lag_used": 1945,
          "rho_lag_1": 0.9860801219533673,
          "rho_lag_10": 0.8799872002627367,
          "rho_lag_100": 0.46673652903265633,
          "chain_idx": 0
        },
        {
          "n": 120000,
          "tau": 561.3944301544592,
          "n_eff": 213.75345666857402,
          "max_lag_used": 2000,
          "rho_lag_1": 0.9868089142785661,
          "rho_lag_10": 0.8863214133823387,
          "rho_lag_100": 0.4606350038427653,
          "chain_idx": 1
        },
        {
          "n": 120000,
          "tau": 507.11856155376597,
          "n_eff": 236.63105454537242,
          "max_lag_used": 1639,
          "rho_lag_1": 0.9865297576398483,
          "rho_lag_10": 0.8824187490844925,
          "rho_lag_100": 0.44611079556223887,
          "chain_idx": 2
        },
        {
          "n": 140000,
          "tau": 599.9606028280689,
          "n_eff": 233.34865546183187,
          "max_lag_used": 1906,
          "rho_lag_1": 0.9875271207744976,
          "rho_lag_10": 0.8925746933815708,
          "rho_lag_100": 0.4800704863572073,
          "chain_idx": 3
        }
      ],
      "per_chain_neff_total": 947.234404633416,
      "worst_per_chain_ess": 213.75345666857402,
      "pooled_ess_inflated_estimate": {
        "n": 500000,
        "tau": 545.4622941793207,
        "n_eff": 916.6536446891873,
        "max_lag_used": 2000,
        "rho_lag_1": 0.986802613100344,
        "rho_lag_10": 0.885937638170445,
        "rho_lag_100": 0.4653374112725619
      },
      "gelman_rubin": {
        "m": 4,
        "n": 120000,
        "rhat": 1.0017594972276527,
        "B": 0.024100839818668285,
        "W": 5.688845121412813e-05,
        "V_hat": 5.708881747552357e-05,
        "chain_means": [
          -0.01909184659815271,
          -0.018052579009235938,
          -0.01850222156677682,
          -0.01826789227068409
        ],
        "chain_vars": [
          5.6575670148333174e-05,
          6.109621861503599e-05,
          5.431908970421464e-05,
          5.5562826388928724e-05
        ]
      }
    },
    "declination": {
      "per_chain": [
        {
          "n": 120000,
          "tau": 589.6956670790604,
          "n_eff": 203.49479689141353,
          "max_lag_used": 2000,
          "rho_lag_1": 0.9911119043467868,
          "rho_lag_10": 0.9178396144874527,
          "rho_lag_100": 0.525743625765788,
          "chain_idx": 0
        },
        {
          "n": 120000,
          "tau": 718.9508435829465,
          "n_eff": 166.9098813515133,
          "max_lag_used": 2000,
          "rho_lag_1": 0.9908656692582212,
          "rho_lag_10": 0.9147845330472396,
          "rho_lag_100": 0.5167120313332229,
          "chain_idx": 1
        },
        {
          "n": 120000,
          "tau": 705.7455253556594,
          "n_eff": 170.0329590322605,
          "max_lag_used": 2000,
          "rho_lag_1": 0.991271847583495,
          "rho_lag_10": 0.9188945097853307,
          "rho_lag_100": 0.5040396645546814,
          "chain_idx": 2
        },
        {
          "n": 140000,
          "tau": 558.8803006049418,
          "n_eff": 250.50086726703654,
          "max_lag_used": 1411,
          "rho_lag_1": 0.9907306631898474,
          "rho_lag_10": 0.9146591963723977,
          "rho_lag_100": 0.5267356011518443,
          "chain_idx": 3
        }
      ],
      "per_chain_neff_total": 790.9385045422239,
      "worst_per_chain_ess": 166.9098813515133,
      "pooled_ess_inflated_estimate": {
        "n": 500000,
        "tau": 637.6658345189336,
        "n_eff": 784.1097529981497,
        "max_lag_used": 2000,
        "rho_lag_1": 0.9909930704695747,
        "rho_lag_10": 0.9165521152046786,
        "rho_lag_100": 0.5190568869917385
      },
      "gelman_rubin": {
        "m": 4,
        "n": 120000,
        "rhat": 1.0004976370559893,
        "B": 0.14014921364369828,
        "W": 0.0011634250079672944,
        "V_hat": 0.0011645832228725922,
        "chain_means": [
          -0.0011308963443660831,
          -0.002924787808077937,
          -0.0036053905279884164,
          -0.0031141687031289076
        ],
        "chain_vars": [
          0.0011778866454966149,
          0.0011333260812133076,
          0.001174975696097078,
          0.0011675116090621778
        ]
      }
    },
    "seats_at_50_50": {
      "per_chain": [
        {
          "n": 120000,
          "tau": 754.3241049549033,
          "n_eff": 159.0828122974727,
          "max_lag_used": 2000,
          "rho_lag_1": 0.9916201290404639,
          "rho_lag_10": 0.922503165581091,
          "rho_lag_100": 0.552833390750734,
          "chain_idx": 0
        },
        {
          "n": 120000,
          "tau": 591.0787825791784,
          "n_eff": 203.01862211392321,
          "max_lag_used": 2000,
          "rho_lag_1": 0.9910432631042918,
          "rho_lag_10": 0.9173888912527264,
          "rho_lag_100": 0.5376906153613611,
          "chain_idx": 1
        },
        {
          "n": 120000,
          "tau": 788.3385514316253,
          "n_eff": 152.2188655902716,
          "max_lag_used": 2000,
          "rho_lag_1": 0.9919160275373471,
          "rho_lag_10": 0.9255054592953699,
          "rho_lag_100": 0.5998785986945901,
          "chain_idx": 2
        },
        {
          "n": 140000,
          "tau": 519.595877896728,
          "n_eff": 269.44016678251177,
          "max_lag_used": 1838,
          "rho_lag_1": 0.9909140071938096,