{
  "efficiency_gap": {
    "n": 1000000,
    "tau": 438.8979523706505,
    "n_eff": 2278.433960784345,
    "max_lag_used": 1330,
    "rho_lag_1": 0.990088953522103,
    "rho_lag_10": 0.9081382147537327,
    "rho_lag_100": 0.4753116354657942
  },
  "mean_median": {
    "n": 1000000,
    "tau": 508.4623362414953,
    "n_eff": 1966.7140095211455,
    "max_lag_used": 2000,
    "rho_lag_1": 0.9873051035991238,
    "rho_lag_10": 0.8901245474967279,
    "rho_lag_100": 0.48916183121832224
  },
  "declination": {
    "n": 1000000,
    "tau": 439.02997503638585,
    "n_eff": 2277.7488027261056,
    "max_lag_used": 1341,
    "rho_lag_1": 0.9902735503932393,
    "rho_lag_10": 0.909389619130573,
    "rho_lag_100": 0.47800451000881095
  },
  "seats_at_50_50": {
    "n": 1000000,
    "tau": 595.6047135540667,
    "n_eff": 1678.9658933906737,
    "max_lag_used": 2000,
    "rho_lag_1": 0.9911440100300226,
    "rho_lag_10": 0.9178940970802876,
    "rho_lag_100": 0.5317039898138424
  }
}