{
  "seeds": [
    42,
    101,
    2024
  ],
  "n_chains": 3,
  "steps_per_chain": 50000,
  "burnin_fraction": 0.1,
  "burnin_steps_per_chain": 5000,
  "post_burnin_steps_per_chain": 45000,
  "total_proposals": 150000,
  "total_post_burnin_samples": 135000,
  "pooled_samples": 1710,
  "common_thin_factor": 79,
  "per_metric": {
    "efficiency_gap": {
      "r_hat": 1.0295047478472126,
      "r_hat_W": 0.00022063673453644726,
      "r_hat_B": 0.2974846374534548,
      "r_hat_V_hat": 0.00023384846790173254,
      "r_hat_m_half_chains": 6,
      "r_hat_n_per_half": 22500,
      "r_hat_half_chain_means": [
        0.01909120437453386,
        0.010508935515031908,
        0.018810966608031277,
        0.014766343735089352,
        0.016687129670991355,
        0.020423773385728584
      ],
      "r_hat_note": "",
      "per_chain_n": [
        45000,
        45000,
        45000
      ],
      "per_chain_tau": [
        562.999494351308,
        467.83770004060204,
        456.7769270714205
      ],
      "per_chain_ess": [
        79.92902382949617,
        96.1872033743638,
        98.51635959047448
      ],
      "per_chain_rho_lag_1": [
        0.9907331706405395,
        0.9905059444360285,
        0.9889157738555255
      ],
      "per_chain_rho_lag_10": [
        0.9152443844524613,
        0.9106571506037721,
        0.8979972300080106
      ],
      "per_chain_rho_lag_100": [
        0.5223567015628855,
        0.490412414626436,
        0.4444796790134544
      ],
      "combined_ess": 274.63258679433443,
      "thinning_factor": 56,
      "converged": false
    },
    "mean_median": {
      "r_hat": 1.0177409864453686,
      "r_hat_W": 6.0496340896611075e-05,
      "r_hat_B": 0.048785828165370165,
      "r_hat_V_hat": 6.266191119992102e-05,
      "r_hat_m_half_chains": 6,
      "r_hat_n_per_half": 22500,
      "r_hat_half_chain_means": [
        -0.014983228478658989,
        -0.017576170142163405,
        -0.018923489816010625,
        -0.018614488269336447,
        -0.017252140925390746,
        -0.016281942983698977
      ],
      "r_hat_note": "",
      "per_chain_n": [
        45000,
        45000,
        45000
      ],
      "per_chain_tau": [
        575.0250945234492,
        392.56312451307036,
        430.22388535551005
      ],
      "per_chain_ess": [
        78.25745420257468,
        114.63124575395958,
        104.5967030928904
      ],
      "per_chain_rho_lag_1": [
        0.988404608922018,
        0.9829358225705778,
        0.9897411345393622
      ],
      "per_chain_rho_lag_10": [
        0.8991037272572483,
        0.8587345619552831,
        0.909462650606856
      ],
      "per_chain_rho_lag_100": [
        0.5239065229829692,
        0.404032231136332,
        0.547679620569519
      ],
      "combined_ess": 297.48540304942463,
      "thinning_factor": 57,
      "converged": false
    },
    "declination": {
      "r_hat": 1.034791095661757,
      "r_hat_W": 0.001038586914087063,
      "r_hat_B": 1.6553348888269384,
      "r_hat_V_hat": 0.0011121111941720786,
      "r_hat_m_half_chains": 6,
      "r_hat_n_per_half": 22500,
      "r_hat_half_chain_means": [
        -0.009083811605966184,
        0.011166345135139023,
        -0.005978885243608223,
        0.0013382464530388328,
        -0.0045083546028207855,
        -0.01304633308855203
      ],
      "r_hat_note": "",
      "per_chain_n": [
        45000,
        45000,
        45000
      ],
      "per_chain_tau": [
        596.6259794201345,
        443.10024305484234,
        472.02260836891656
      ],
      "per_chain_ess": [
        75.42413765444115,
        101.55715485452886,
        95.33441661936149
      ],
      "per_chain_rho_lag_1": [
        0.9908070271513684,
        0.9907124284614974,
        0.9894441475607344
      ],
      "per_chain_rho_lag_10": [
        0.9149406596942833,
        0.912550565024734,
        0.9033723811764623
      ],
      "per_chain_rho_lag_100": [
        0.5171648955035435,
        0.5015135771948703,
        0.4620356843071191
      ],
      "combined_ess": 272.3157091283315,
      "thinning_factor": 59,
      "converged": false
    },
    "seats_at_50_50": {
      "r_hat": 1.0292542599605872,
      "r_hat_W": 0.00023500551174601543,
      "r_hat_B": 0.314131271120506,
      "r_hat_V_hat": 0.00024895645688418255,
      "r_hat_m_half_chains": 6,
      "r_hat_n_per_half": 22500,
      "r_hat_half_chain_means": [
        0.45918927203065135,
        0.45724086845466155,
        0.4489507024265645,
        0.4569941251596424,
        0.4529512132822478,
        0.4567933588761175
      ],
      "r_hat_note": "",
      "per_chain_n": [
        45000,
        45000,
        45000
      ],
      "per_chain_tau": [
        795.2597694896378,
        587.2776311640797,
        540.023315507095
      ],
      "per_chain_ess": [
        56.58528411273588,
        76.62474715885685,
        83.32973541659753
      ],
      "per_chain_rho_lag_1": [
        0.9914566827384051,
        0.9903917117843266,
        0.990086594321482
      ],
      "per_chain_rho_lag_10": [
        0.9184836252143975,
        0.910748496206063,
        0.9064318754135431
      ],
      "per_chain_rho_lag_100": [
        0.5828728799317435,
        0.5103967458365162,
        0.489563047832078
      ],
      "combined_ess": 216.53976668819024,
      "thinning_factor": 79,
      "converged": false
    }
  },
  "overall_converged": false,
  "max_r_hat": 1.034791095661757,
  "r_hat_converged_threshold": 1.01,
  "r_hat_acceptable_threshold": 1.05,
  "r_hat_fail_threshold": 1.1,
  "combined_ess_target": 1000,
  "total_runtime_sec": 1487.3317646980286,
  "script_version": "v0_1_mcmc_multichain_ensemble.py"
}