{
  "maps": [
    {
      "map": "2019_enacted",
      "count": 87,
      "mean": 0.418572,
      "median": 0.399446,
      "std_dev": 0.118886,
      "min": 0.171657,
      "max": 0.769106,
      "count_below_0_3": 16,
      "count_below_0_4": 44,
      "convex_hull_mean": 0.799709,
      "convex_hull_median": 0.79738,
      "convex_hull_min": 0.587425,
      "schwartzberg_mean": 0.640539,
      "schwartzberg_median": 0.632017,
      "schwartzberg_min": 0.414315
    },
    {
      "map": "majority_2026",
      "count": 89,
      "mean": 0.356371,
      "median": 0.359126,
      "std_dev": 0.137518,
      "min": 0.090162,
      "max": 0.69098,
      "count_below_0_3": 29,
      "count_below_0_4": 60,
      "convex_hull_mean": 0.73711,
      "convex_hull_median": 0.776439,
      "convex_hull_min": 0.175157,
      "schwartzberg_mean": 0.584944,
      "schwartzberg_median": 0.599271,
      "schwartzberg_min": 0.30027
    },
    {
      "map": "minority_2026",
      "count": 89,
      "mean": 0.334441,
      "median": 0.337434,
      "std_dev": 0.147008,
      "min": 0.065192,
      "max": 0.699398,
      "count_below_0_3": 39,
      "count_below_0_4": 63,
      "convex_hull_mean": 0.680574,
      "convex_hull_median": 0.740299,
      "convex_hull_min": 0.207445,
      "schwartzberg_mean": 0.563341,
      "schwartzberg_median": 0.58089,
      "schwartzberg_min": 0.255327
    }
  ]
}