{
  "2019_enacted": {
    "EG_ours": 0.014906581444308002,
    "MM_ours": -0.007671760176883757,
    "Declination_ours": -0.04509237880431511,
    "PB_ours": -0.005747126436781602,
    "EG_gm": 0.014906581444308002,
    "EG_diff_gap": -0.05522633473008972,
    "EG_loss_only": 0.08503949761870574,
    "EG_surplus": -0.07013291617439774,
    "EG_vote_centric": 0.17349237154759706,
    "EG_vote_centric2": 0.07013782680370417,
    "tau_gap_0": 0.029813162888616018,
    "tau_gap_1": 0.15080809852482902,
    "MM_gm": -0.007671760176883702,
    "PB_gm": -0.005747126436781658,
    "Declination_gm": -0.04509237880431528,
    "Bdec_gm": -0.0016633550637910755,
    "t_diff_UCP_adj": 0.05986453659149682,
    "t_p": 0.995189950146292,
    "mw_stat_UCP_adj": -606.0,
    "mw_p": 0.02647966090795527
  },
  "majority_2026": {
    "EG_ours": 0.00595349022751212,
    "MM_ours": -0.017907710110963038,
    "Declination_ours": -0.013128864855826712,
    "PB_ours": -0.04022988505747127,
    "EG_gm": 0.00595349022751212,
    "EG_diff_gap": -0.05716171868172024,
    "EG_loss_only": 0.06906869913674459,
    "EG_surplus": -0.06311520890923243,
    "EG_vote_centric": 0.14037413638043372,
    "EG_vote_centric2": 0.04622090959612213,
    "tau_gap_0": 0.011906980455024252,
    "tau_gap_1": 0.12115869834646853,
    "MM_gm": -0.017907710110963038,
    "PB_gm": -0.04022988505747127,
    "Declination_gm": -0.013128864855826747,
    "Bdec_gm": 0.019812237171481558,
    "t_diff_UCP_adj": 0.06010932919909151,
    "t_p": 0.9967174499305019,
    "mw_stat_UCP_adj": -627.0,
    "mw_p": 0.026245193284196333
  },
  "minority_2026": {
    "EG_ours": 0.026168064918502272,
    "MM_ours": -0.010735175235186079,
    "Declination_ours": -0.09894955407796859,
    "PB_ours": -0.042168674698795205,
    "EG_gm": 0.026168064918502272,
    "EG_diff_gap": -0.06616958936923459,
    "EG_loss_only": 0.11850571920623913,
    "EG_surplus": -0.09233765428773685,
    "EG_vote_centric": 0.24538011994295034,
    "EG_vote_centric2": 0.1114768065793007,
    "tau_gap_0": 0.05233612983700453,
    "tau_gap_1": 0.21333969668981656,
    "MM_gm": -0.010735175235186134,
    "PB_gm": -0.04216867469879515,
    "Declination_gm": -0.09894955407796897,
    "Bdec_gm": -0.026872630866158865,
    "t_diff_UCP_adj": 0.07092730396822133,
    "t_p": 0.9967812611446807,
    "mw_stat_UCP_adj": -479.0,
    "mw_p": 0.02172619969156638
  }
}