{
  "2019_enacted": {
    "efficiency_gap": 0.024119940578423545,
    "mean_median": -0.007671760176883757,
    "declination": -0.04509237880431511,
    "seats_at_50_50": 0.45977011494252873,
    "ucp_seats": 57,
    "n_districts": 87,
    "ucp_vote_share": 0.5740427639062995,
    "source": "2019_enacted_VA_agg",
    "coverage_vas": 4765,
    "coverage_vas_total": 4765,
    "coverage_pct": 1.0,
    "votes_coverage_pct": 1.0
  },
  "majority_2026": {
    "efficiency_gap": -0.002355416202735555,
    "mean_median": 0.00804187708864279,
    "declination": -0.020287572890972442,
    "seats_at_50_50": 0.5151515151515151,
    "ucp_seats": 43,
    "n_districts": 66,
    "ucp_vote_share": 0.5743644081945046,
    "coverage_vas": 3164,
    "coverage_vas_total": 4765,
    "coverage_pct": 0.6640083945435467,
    "covered_votes": 607407.6605339105,
    "all_vote_total": 932164.0,
    "votes_coverage_pct": 0.6516102966150918,
    "source": "v0_7_canonical_majority_2026_eds.gpkg"
  },
  "majority_source": "majority 2026 v7 (89 EDs)",
  "minority_2026": {
    "efficiency_gap": -0.010201869721428681,
    "mean_median": -0.010756823534501803,
    "declination": -0.09409162590003411,
    "seats_at_50_50": 0.5492957746478874,
    "ucp_seats": 51,
    "n_districts": 71,
    "ucp_vote_share": 0.5818522680509173,
    "coverage_vas": 2896,
    "coverage_vas_total": 4765,
    "coverage_pct": 0.6077649527806925,
    "covered_votes": 571095.7023088024,
    "all_vote_total": 932164.0,
    "votes_coverage_pct": 0.6126558226972962,
    "source": "v0_7_canonical_minority_2026_eds.gpkg"
  },
  "minority_source": "minority 2026 v7 (89 EDs)",
  "n_steps": 100000,
  "seed": 42,
  "thin_every": null
}