{
  "efficiency_gap": {
    "n": 100000,
    "tau": 735.5057074064862,
    "n_eff": 135.96087561660997,
    "max_lag_used": 2000,
    "rho_lag_1": 0.9912381774687702,
    "rho_lag_10": 0.9193956644867947,
    "rho_lag_100": 0.5387288382762219
  },
  "mean_median": {
    "n": 100000,
    "tau": 700.7273949490508,
    "n_eff": 142.70884900578335,
    "max_lag_used": 2000,
    "rho_lag_1": 0.988122482034083,
    "rho_lag_10": 0.8963452668907044,
    "rho_lag_100": 0.506769195485329
  },
  "declination": {
    "n": 100000,
    "tau": 753.2130901252893,
    "n_eff": 132.76455402994392,
    "max_lag_used": 2000,
    "rho_lag_1": 0.9916563063939041,
    "rho_lag_10": 0.9235572761728468,
    "rho_lag_100": 0.5648572794703534
  },
  "seats_at_50_50": {
    "n": 100000,
    "tau": 868.8028925421432,
    "n_eff": 115.10090592285785,
    "max_lag_used": 2000,
    "rho_lag_1": 0.9923701105315847,
    "rho_lag_10": 0.9286283063651181,
    "rho_lag_100": 0.5830207460700113
  }
}