{
  "2019_enacted": {
    "EG_ours": 0.014906581444308002,
    "MM_ours": -0.007671760176883757,
    "Declination_ours": -0.04509237880431511,
    "PB_ours": -0.005747126436781602,
    "EG_gm": 0.014906581444308002,
    "EG_diff_gap": -0.05522633473008972,
    "EG_loss_only": 0.08503949761870574,
    "EG_surplus": -0.07013291617439774,
    "EG_vote_centric": 0.17349237154759706,
    "EG_vote_centric2": 0.07013782680370417,
    "tau_gap_0": 0.029813162888616018,
    "tau_gap_1": 0.15080809852482902,
    "MM_gm": -0.007671760176883702,
    "PB_gm": -0.005747126436781658,
    "Declination_gm": -0.04509237880431528,
    "Bdec_gm": -0.0016633550637910755,
    "t_diff_UCP_adj": 0.05986453659149682,
    "t_p": 0.995189950146292,
    "mw_stat_UCP_adj": -606.0,
    "mw_p": 0.02647966090795527
  },
  "majority_2026": {
    "EG_ours": 0.013195352316667424,
    "MM_ours": -0.02060213213808726,
    "Declination_ours": -0.045506338355019965,
    "PB_ours": -0.015151515151515138,
    "EG_gm": 0.013195352316667424,
    "EG_diff_gap": -0.0559645472825746,
    "EG_loss_only": 0.08235525191590944,
    "EG_surplus": -0.06915989959924204,
    "EG_vote_centric": 0.1679232735031866,
    "EG_vote_centric2": 0.06647325790626757,
    "tau_gap_0": 0.026390704633334927,
    "tau_gap_1": 0.15513536397105288,
    "MM_gm": -0.02060213213808726,
    "PB_gm": -0.015151515151515138,
    "Declination_gm": -0.045506338355020284,
    "Bdec_gm": 0.0004166444083199793,
    "t_diff_UCP_adj": 0.05868199356610837,
    "t_p": 0.990758063652581,
    "mw_stat_UCP_adj": -343.0,
    "mw_p": 0.04214971536414267
  },
  "minority_2026": {
    "EG_ours": 0.02893032027147138,
    "MM_ours": -0.010354067547594492,
    "Declination_ours": -0.12839638462962694,
    "PB_ours": -0.03521126760563381,
    "EG_gm": 0.02893032027147138,
    "EG_diff_gap": -0.07280170269138458,
    "EG_loss_only": 0.1306623432343272,
    "EG_surplus": -0.10173202296285587,
    "EG_vote_centric": 0.2726100950419068,
    "EG_vote_centric2": 0.12664657734509088,
    "tau_gap_0": 0.05786064054294271,
    "tau_gap_1": 0.24170170268461066,
    "MM_gm": -0.010354067547594381,
    "PB_gm": -0.035211267605633756,
    "Declination_gm": -0.1283963846296272,
    "Bdec_gm": -0.04431618604632401,
    "t_diff_UCP_adj": 0.07437474110186593,
    "t_p": 0.9951350380841053,
    "mw_stat_UCP_adj": -321.0,
    "mw_p": 0.025061808438154753
  }
}