{
  "config": {
    "n_bursts": 500,
    "burst_len": 10,
    "pop_deviation": 0.25,
    "seed": 42
  },
  "burst_distribution": {
    "efficiency_gap": {
      "n": 500,
      "mean": 0.0069921691318540116,
      "p5": 0.0009247503113631224,
      "p50": 0.0043689390757737905,
      "p95": 0.018920012145031077,
      "min": -0.012542808135679848,
      "max": 0.0292093160815866
    },
    "mean_median": {
      "n": 500,
      "mean": -0.013154370270217573,
      "p5": -0.02260353792627185,
      "p50": -0.012489128195078691,
      "p95": -0.00862541818552674,
      "min": -0.033666568619638015,
      "max": 0.00028388136574586387
    },
    "declination": {
      "n": 500,
      "mean": 0.026442757493804096,
      "p5": 0.0069676013630686935,
      "p50": 0.032108636442501184,
      "p95": 0.03633710697347651,
      "min": -0.018735796667814397,
      "max": 0.05869441542035358
    },
    "seats_at_50_50": {
      "n": 500,
      "mean": 0.45694252873563224,
      "p5": 0.4477011494252874,
      "p50": 0.45977011494252873,
      "p95": 0.47126436781609193,
      "min": 0.42528735632183906,
      "max": 0.4827586206896552
    }
  },
  "real_map_ranks": {
    "2019_enacted": {
      "efficiency_gap": {
        "value": 0.024119940578423545,
        "burst_pct_rank": 98.0
      },
      "mean_median": {
        "value": -0.007671760176883757,
        "burst_pct_rank": 98.2
      },
      "declination": {
        "value": -0.04509237880431511,
        "burst_pct_rank": 0.0
      },
      "seats_at_50_50": {
        "value": 0.45977011494252873,
        "burst_pct_rank": 30.8
      }
    },
    "majority_2026_v7": {
      "efficiency_gap": {
        "value": -0.002355416202735555,
        "burst_pct_rank": 3.0
      },
      "mean_median": {
        "value": 0.00804187708864279,
        "burst_pct_rank": 100.0
      },
      "declination": {
        "value": -0.020287572890972442,
        "burst_pct_rank": 0.0
      },
      "seats_at_50_50": {
        "value": 0.5151515151515151,
        "burst_pct_rank": 100.0
      }
    },
    "minority_2026_v7": {
      "efficiency_gap": {
        "value": -0.010201869721428681,
        "burst_pct_rank": 0.8
      },
      "mean_median": {
        "value": -0.010756823534501803,
        "burst_pct_rank": 84.2
      },
      "declination": {
        "value": -0.09409162590003411,
        "burst_pct_rank": 0.0
      },
      "seats_at_50_50": {
        "value": 0.5492957746478874,
        "burst_pct_rank": 100.0
      }
    }
  },
  "elapsed_seconds": 4181.1
}