{
  "efficiency_gap": {
    "n": 250000,
    "tau": 583.3499648575511,
    "n_eff": 428.55920984078193,
    "max_lag_used": 2000,
    "rho_lag_1": 0.9901716308368175,
    "rho_lag_10": 0.9087289676189766,
    "rho_lag_100": 0.4831123438967125
  },
  "mean_median": {
    "n": 250000,
    "tau": 585.2355812927601,
    "n_eff": 427.1784012991158,
    "max_lag_used": 2000,
    "rho_lag_1": 0.9869837961500231,
    "rho_lag_10": 0.8862936810523715,
    "rho_lag_100": 0.482039509692642
  },
  "declination": {
    "n": 250000,
    "tau": 601.6934944572149,
    "n_eff": 415.4939388625498,
    "max_lag_used": 2000,
    "rho_lag_1": 0.9907266916006382,
    "rho_lag_10": 0.9135771172666776,
    "rho_lag_100": 0.5057371796725207
  },
  "seats_at_50_50": {
    "n": 250000,
    "tau": 667.0856344872183,
    "n_eff": 374.7644786147619,
    "max_lag_used": 1953,
    "rho_lag_1": 0.991887544194256,
    "rho_lag_10": 0.9246430857540094,
    "rho_lag_100": 0.5621664590745302
  }
}