{
  "phase_4b": {
    "majority": {
      "n_eds": 89,
      "total_pop_2021_from_das": 3866534.0,
      "source_counts": {
        "v7": 66,
        "2019-parent": 18,
        "sweep": 4,
        "osm-municipal-buffered": 1
      }
    },
    "minority": {
      "n_eds": 89,
      "total_pop_2021_from_das": 3418871.0,
      "source_counts": {
        "v7": 84,
        "2019-parent": 5
      }
    },
    "province_2021_from_das": 4262635.0,
    "majority_sum_vs_province": 0.9070760222256891,
    "minority_sum_vs_province": 0.8020557706676739
  },
  "phase_4c": {
    "majority": {
      "n_eds": 89,
      "ucp_total": 928872,
      "ndp_total": 777377,
      "other_total": 58584,
      "two_party_total": 1706249,
      "all_votes": 1764833
    },
    "minority": {
      "n_eds": 89,
      "ucp_total": 928866,
      "ndp_total": 777367,
      "other_total": 58575,
      "two_party_total": 1706233,
      "all_votes": 1764808
    }
  },
  "phase_4f": {
    "province_2021_from_das": 4262635.0,
    "commission_total_tbf_jul2024": 4888723.0,
    "growth_factor": 1.1468781633895466,
    "majority": {
      "n": 89,
      "n_nonzero_pop": 86,
      "mean_delta_raw": -11485.269662921348,
      "median_delta_raw": -6994.0,
      "max_abs_delta_raw": 94458.0,
      "rms_delta_raw": 32004.206681538082,
      "mean_delta_scaled_nonzero": -3362.6812487995676,
      "median_delta_scaled_nonzero": 607.9635545853707,
      "max_abs_delta_scaled_nonzero": 116407.32585877046,
      "rms_delta_scaled_nonzero": 33652.30047997133,
      "max_abs_delta_scaled_pct_nonzero": 211.722823991507,
      "n_warn_0p5pct_scaled_nonzero": 84,
      "n_hardstop_2pct_scaled_nonzero": 81
    },
    "minority": {
      "n": 89,
      "n_nonzero_pop": 89,
      "mean_delta_raw": -16515.752808988764,
      "median_delta_raw": -17590.0,
      "max_abs_delta_raw": 207227.0,
      "rms_delta_raw": 40854.31999794369,
      "mean_delta_scaled_nonzero": -10873.533782631657,
      "median_delta_scaled_nonzero": -11478.212782938252,
      "max_abs_delta_scaled_nonzero": 246106.82487452013,
      "rms_delta_scaled_nonzero": 44100.447802797076,
      "max_abs_delta_scaled_pct_nonzero": 428.15334610483484,
      "n_warn_0p5pct_scaled_nonzero": 89,
      "n_hardstop_2pct_scaled_nonzero": 87
    }
  }
}