{
  "method": "absolute-level Chen-Rodden geography-vs-drawing decomposition",
  "substrate": "v0_2 canonical + full-VA MAUP-v2",
  "ensemble_baseline": {
    "efficiency_gap": {
      "p5": -0.0096530946439604,
      "p50": 0.0148631102765353,
      "p95": 0.03943994061312091
    },
    "mean_median": {
      "p5": -0.03125510456654778,
      "p50": -0.01911215949935335,
      "p95": -0.006095613807177869
    },
    "declination": {
      "p5": -0.05029823693474519,
      "p50": 0.0032950607766048497,
      "p95": 0.05602443882944572
    },
    "seats_at_50_50": {
      "p5": 0.425287356321839,
      "p50": 0.4482758620689655,
      "p95": 0.4827586206896552
    }
  },
  "per_map": {
    "2019 enacted (full)": {
      "efficiency_gap": {
        "actual": -0.026364586849705562,
        "geography": 0.0148631102765353,
        "drawing": -0.04122769712624086,
        "pct_drawing": 156.3752823484935,
        "geography_p5": -0.0096530946439604,
        "geography_p95": 0.03943994061312091,
        "drawing_vs_p5": -0.016711492205745162,
        "drawing_vs_p95": -0.06580452746282647
      },
      "mean_median": {
        "actual": -0.02215491339662612,
        "geography": -0.01911215949935335,
        "drawing": -0.0030427538972727687,
        "pct_drawing": 13.733991385117024,
        "geography_p5": -0.03125510456654778,
        "geography_p95": -0.006095613807177869,
        "drawing_vs_p5": 0.00910019116992166,
        "drawing_vs_p95": -0.01605929958944825
      },
      "declination": {
        "actual": 0.05701176055727874,
        "geography": 0.0032950607766048497,
        "drawing": 0.053716699780673886,
        "pct_drawing": 94.2203841025145,
        "geography_p5": -0.05029823693474519,
        "geography_p95": 0.05602443882944572,
        "drawing_vs_p5": 0.10730999749202393,
        "drawing_vs_p95": 0.0009873217278330154
      },
      "seats_at_50_50": {
        "actual": 0.47126436781609193,
        "geography": 0.4482758620689655,
        "drawing": 0.02298850574712641,
        "pct_drawing": 4.878048780487799,
        "geography_p5": 0.425287356321839,
        "geography_p95": 0.4827586206896552,
        "drawing_vs_p5": 0.04597701149425293,
        "drawing_vs_p95": -0.01149425287356326
      }
    },
    "majority 2026 (canonical, full-VA)": {
      "efficiency_gap": {
        "actual": -0.023261565068687776,
        "geography": 0.0148631102765353,
        "drawing": -0.038124675345223076,
        "pct_drawing": 163.8955729446701,
        "geography_p5": -0.0096530946439604,
        "geography_p95": 0.03943994061312091,
        "drawing_vs_p5": -0.013608470424727376,
        "drawing_vs_p95": -0.06270150568180868
      },
      "mean_median": {
        "actual": -0.016245189131634308,
        "geography": -0.01911215949935335,
        "drawing": 0.0028669703677190427,
        "pct_drawing": -17.648119356986633,
        "geography_p5": -0.03125510456654778,
        "geography_p95": -0.006095613807177869,
        "drawing_vs_p5": 0.015009915434913472,
        "drawing_vs_p95": -0.010149575324456438
      },
      "declination": {
        "actual": 0.041847005513148905,
        "geography": 0.0032950607766048497,
        "drawing": 0.03855194473654405,
        "pct_drawing": 92.12593413507331,
        "geography_p5": -0.05029823693474519,
        "geography_p95": 0.05602443882944572,
        "drawing_vs_p5": 0.0921452424478941,
        "drawing_vs_p95": -0.014177433316296818
      },
      "seats_at_50_50": {
        "actual": 0.4659090909090909,
        "geography": 0.4482758620689655,
        "drawing": 0.01763322884012536,
        "pct_drawing": 3.7846930193439796,
        "geography_p5": 0.425287356321839,
        "geography_p95": 0.4827586206896552,
        "drawing_vs_p5": 0.04062173458725188,
        "drawing_vs_p95": -0.01684952978056431
      }
    },
    "minority 2026 (canonical, full-VA)": {
      "efficiency_gap": {
        "actual": 0.018221798255422063,
        "geography": 0.0148631102765353,
        "drawing": 0.0033586879788867624,
        "pct_drawing": 18.432253127856654,
        "geography_p5": -0.0096530946439604,
        "geography_p95": 0.03943994061312091,
        "drawing_vs_p5": 0.027874892899382463,
        "drawing_vs_p95": -0.021218142357698845
      },
      "mean_median": {
        "actual": -0.013902057812669066,
        "geography": -0.01911215949935335,
        "drawing": 0.005210101686684284,
        "pct_drawing": -37.47719767023464,
        "geography_p5": -0.03125510456654778,
        "geography_p95": -0.006095613807177869,
        "drawing_vs_p5": 0.017353046753878713,
        "drawing_vs_p95": -0.007806444005491197
      },
      "declination": {
        "actual": -0.030488484741184013,
        "geography": 0.0032950607766048497,
        "drawing": -0.033783545517788865,
        "pct_drawing": 110.80755834399952,
        "geography_p5": -0.05029823693474519,
        "geography_p95": 0.05602443882944572,
        "drawing_vs_p5": 0.019809752193561174,
        "drawing_vs_p95": -0.08651292357062973
      },
      "seats_at_50_50": {
        "actual": 0.5057471264367817,
        "geography": 0.4482758620689655,
        "drawing": 0.05747126436781613,
        "pct_drawing": 11.36363636363637,
        "geography_p5": 0.425287356321839,
        "geography_p95": 0.4827586206896552,
        "drawing_vs_p5": 0.08045977011494265,
        "drawing_vs_p95": 0.022988505747126464
      }
    }
  },
  "ensemble_samples": 100000
}