{
  "v0_8_majority": {
    "efficiency_gap": 0.06431336476984474,
    "mean_median": -0.018158061174911366,
    "declination": -0.01175738654996796,
    "seats_at_50_50": 0.4367816091954023,
    "ucp_seats": 55,
    "n_districts": 87,
    "ucp_vote_share": 0.5740427639062996,
    "coverage_vas": 4765,
    "coverage_vas_total": 4765,
    "coverage_pct": 1.0,
    "covered_votes": 932164.0,
    "all_vote_total": 932164.0,
    "votes_coverage_pct": 1.0,
    "source": "v0_8_full_refined_majority_2026_eds.gpkg"
  },
  "v0_9_majority": {
    "efficiency_gap": 0.01436228021483706,
    "mean_median": -0.007854675550633905,
    "declination": -0.028228298763724593,
    "seats_at_50_50": 0.4606741573033708,
    "ucp_seats": 58,
    "n_districts": 89,
    "ucp_vote_share": 0.5740427639062995,
    "coverage_vas": 4765,
    "coverage_vas_total": 4765,
    "coverage_pct": 1.0,
    "covered_votes": 932164.0,
    "all_vote_total": 932164.0,
    "votes_coverage_pct": 1.0,
    "source": "v0_9_topological_majority_2026_eds.gpkg"
  },
  "v0_8_minority": {
    "efficiency_gap": 0.09207674180701376,
    "mean_median": -0.009697961790394616,
    "declination": -0.06662214758176674,
    "seats_at_50_50": 0.5421686746987951,
    "ucp_seats": 58,
    "n_districts": 83,
    "ucp_vote_share": 0.5740427639062995,
    "coverage_vas": 4765,
    "coverage_vas_total": 4765,
    "coverage_pct": 1.0,
    "covered_votes": 932164.0,
    "all_vote_total": 932164.0,
    "votes_coverage_pct": 1.0,
    "source": "v0_8_full_refined_minority_2026_eds.gpkg"
  },
  "v0_9_minority": {
    "efficiency_gap": 0.017455936485701956,
    "mean_median": -0.017938114847363518,
    "declination": 0.010510016514877743,
    "seats_at_50_50": 0.48314606741573035,
    "ucp_seats": 58,
    "n_districts": 89,
    "ucp_vote_share": 0.5740427639062994,
    "coverage_vas": 4765,
    "coverage_vas_total": 4765,
    "coverage_pct": 1.0,
    "covered_votes": 932164.0,
    "all_vote_total": 932164.0,
    "votes_coverage_pct": 1.0,
    "source": "v0_9_topological_minority_2026_eds.gpkg"
  }
}