{
  "2019_enacted": {
    "EG_ours": 0.014906581444308002,
    "MM_ours": -0.007671760176883757,
    "Declination_ours": -0.04509237880431511,
    "PB_ours": -0.005747126436781602,
    "EG_gm": 0.014906581444308002,
    "EG_diff_gap": -0.05522633473008972,
    "EG_loss_only": 0.08503949761870574,
    "EG_surplus": -0.07013291617439774,
    "EG_vote_centric": 0.17349237154759706,
    "EG_vote_centric2": 0.07013782680370417,
    "tau_gap_0": 0.029813162888616018,
    "tau_gap_1": 0.15080809852482902,
    "MM_gm": -0.007671760176883702,
    "PB_gm": -0.005747126436781658,
    "Declination_gm": -0.04509237880431528,
    "Bdec_gm": -0.0016633550637910755,
    "t_diff_UCP_adj": 0.05986453659149682,
    "t_p": 0.995189950146292,
    "mw_stat_UCP_adj": -606.0,
    "mw_p": 0.02647966090795527
  },
  "majority_2026": {
    "EG_ours": -0.007339858326733309,
    "MM_ours": 0.008294697343392832,
    "Declination_ours": -0.02079890249392716,
    "PB_ours": 0.015151515151515138,
    "EG_gm": -0.007339858326733363,
    "EG_diff_gap": -0.0867673632476758,
    "EG_loss_only": 0.0720876465942091,
    "EG_surplus": -0.07942750492094243,
    "EG_vote_centric": 0.14790773211062685,
    "EG_vote_centric2": 0.03396380173782254,
    "tau_gap_0": -0.014679716653466679,
    "tau_gap_1": 0.1261073986134591,
    "MM_gm": 0.008294697343392665,
    "PB_gm": 0.015151515151515138,
    "Declination_gm": -0.020798902493927445,
    "Bdec_gm": 0.02392233410748995,
    "t_diff_UCP_adj": 0.07454314358037306,
    "t_p": 0.9982913673257825,
    "mw_stat_UCP_adj": -294.0,
    "mw_p": 0.00711438066444484
  },
  "minority_2026": {
    "EG_ours": 0.026524543562627487,
    "MM_ours": -0.011069553673518917,
    "Declination_ours": -0.1351445032132323,
    "PB_ours": -0.02112676056338031,
    "EG_gm": 0.026524543562627487,
    "EG_diff_gap": -0.07641036775465038,
    "EG_loss_only": 0.12945945487990532,
    "EG_surplus": -0.10293491131727783,
    "EG_vote_centric": 0.2703781816447804,
    "EG_vote_centric2": 0.1239009002324789,
    "tau_gap_0": 0.053049087125255134,
    "tau_gap_1": 0.24050393945521953,
    "MM_gm": -0.011069553673519028,
    "PB_gm": -0.021126760563380254,
    "Declination_gm": -0.13514450321323287,
    "Bdec_gm": -0.04983204431253628,
    "t_diff_UCP_adj": 0.07368188085911609,
    "t_p": 0.9944559280254404,
    "mw_stat_UCP_adj": -320.0,
    "mw_p": 0.024231621638104217
  }
}