{
  "morans_i": {
    "I": 0.7533672988110862,
    "expected": -0.011627906976744186,
    "p_value": 0.001,
    "n_perm": 999,
    "perm_mean": -0.013489282603524798,
    "perm_std": 0.06309374507634333,
    "z_score": 12.154240970903151
  },
  "ensemble": {
    "n_plans": 150,
    "eg_mean": 0.026078586146002537,
    "eg_median": 0.02770051436244484,
    "eg_std": 0.010332238994365925,
    "eg_p05": 0.006624089382185068,
    "eg_p95": 0.0393548052515825,
    "seats_mean": 29.48,
    "seats_median": 29.0,
    "seats_min": 28,
    "seats_max": 31,
    "mm_mean": -0.014029390869023444,
    "mm_median": -0.014198181734575405
  },
  "margins": {
    "ndp_margin_mean": 20.55547010672528,
    "ucp_margin_mean": 32.95575261166812,
    "urban_ndp_margin": 21.54002028462172,
    "rural_ucp_margin": 43.026099740432166,
    "ndp_excess_pct": 9.302756353196022,
    "ndp_lost_pct": 42.672021239921584,
    "ucp_excess_pct": 15.939605985574335,
    "ucp_lost_pct": 32.400904295403166
  },
  "baseline_2019_eg": -0.0264
}