{
  "efficiency_gap": {
    "n": 250000,
    "tau": 508.1234882659684,
    "n_eff": 492.0063838283773,
    "max_lag_used": 2000,
    "rho_lag_1": 0.9897120957586062,
    "rho_lag_10": 0.9040237818777707,
    "rho_lag_100": 0.45237378306114284
  },
  "mean_median": {
    "n": 250000,
    "tau": 501.24033751401794,
    "n_eff": 498.76273174644166,
    "max_lag_used": 2000,
    "rho_lag_1": 0.9870520905109141,
    "rho_lag_10": 0.8863102243700764,
    "rho_lag_100": 0.48029542851531837
  },
  "declination": {
    "n": 250000,
    "tau": 508.65534437110574,
    "n_eff": 491.49193607529367,
    "max_lag_used": 2000,
    "rho_lag_1": 0.9897218979288005,
    "rho_lag_10": 0.9042534242397623,
    "rho_lag_100": 0.4555042249695721
  },
  "seats_at_50_50": {
    "n": 250000,
    "tau": 501.5001418552635,
    "n_eff": 498.504345532472,
    "max_lag_used": 1487,
    "rho_lag_1": 0.9908457479872815,
    "rho_lag_10": 0.9145928447421642,
    "rho_lag_100": 0.5212859958200318
  }
}