{
  "seeds": [
    42,
    101,
    2024
  ],
  "n_chains": 3,
  "steps_per_chain": 150000,
  "burnin_fraction": 0.1,
  "burnin_steps_per_chain": 15000,
  "post_burnin_steps_per_chain": 135000,
  "total_proposals": 450000,
  "total_post_burnin_samples": 405000,
  "pooled_samples": 5001,
  "common_thin_factor": 81,
  "per_metric": {
    "efficiency_gap": {
      "r_hat": 1.0074883288828622,
      "r_hat_W": 0.00023290136572764813,
      "r_hat_B": 0.2365601219011913,
      "r_hat_V_hat": 0.00023640250973558092,
      "r_hat_m_half_chains": 6,
      "r_hat_n_per_half": 67500,
      "r_hat_half_chain_means": [
        0.014375544933598293,
        0.018658696414706296,
        0.0172012011765586,
        0.01589217679142496,
        0.01631867706574696,
        0.019480498307777646
      ],
      "r_hat_note": "",
      "per_chain_n": [
        135000,
        135000,
        135000
      ],
      "per_chain_tau": [
        597.7968624433008,
        555.0076087067386,
        756.5742800927221
      ],
      "per_chain_ess": [
        225.8292213984384,
        243.2399085745379,
        178.4358833655501
      ],
      "per_chain_rho_lag_1": [
        0.9911171072288323,
        0.9904625432625064,
        0.9900560807431422
      ],
      "per_chain_rho_lag_10": [
        0.9179613549671761,
        0.9103142694688673,
        0.9087810220618013
      ],
      "per_chain_rho_lag_100": [
        0.5184905633307086,
        0.4836291202389199,
        0.4942620756897569
      ],
      "combined_ess": 647.5050133385264,
      "thinning_factor": 75,
      "converged": false
    },
    "mean_median": {
      "r_hat": 1.009921747481085,
      "r_hat_W": 5.938468081153519e-05,
      "r_hat_B": 0.07999595635047786,
      "r_hat_V_hat": 6.056892631775247e-05,
      "r_hat_m_half_chains": 6,
      "r_hat_n_per_half": 67500,
      "r_hat_half_chain_means": [
        -0.0181826681248402,
        -0.017269062705134078,
        -0.019029837991618514,
        -0.019857239723045917,
        -0.01697729135408663,
        -0.01784097659984438
      ],
      "r_hat_note": "",
      "per_chain_n": [
        135000,
        135000,
        135000
      ],
      "per_chain_tau": [
        592.8814051444285,
        511.1756796653734,
        463.28300241111714
      ],
      "per_chain_ess": [
        227.70152483887296,
        264.0970714576521,
        291.39856048550007
      ],
      "per_chain_rho_lag_1": [
        0.9875044914213017,
        0.9870371703128,
        0.9876671501223491
      ],
      "per_chain_rho_lag_10": [
        0.8919925708400305,
        0.8876169041030435,
        0.8921250956809144
      ],
      "per_chain_rho_lag_100": [
        0.49576845690151594,
        0.4828573197122242,
        0.4868730190802215
      ],
      "combined_ess": 783.1971567820251,
      "thinning_factor": 59,
      "converged": false
    },
    "declination": {
      "r_hat": 1.0076226470546172,
      "r_hat_W": 0.0011088205661010935,
      "r_hat_B": 1.1464976490051242,
      "r_hat_V_hat": 0.0011257892894853754,
      "r_hat_m_half_chains": 6,
      "r_hat_n_per_half": 67500,
      "r_hat_half_chain_means": [
        0.0024822131246912903,
        -0.006022464762038728,
        -0.0031977961899529563,
        -0.0001336956606132482,
        -0.0027858973031742364,
        -0.009126801132808194
      ],
      "r_hat_note": "",
      "per_chain_n": [
        135000,
        135000,
        135000
      ],
      "per_chain_tau": [
        575.9906874354201,
        554.9778168036135,
        818.1761342696107
      ],
      "per_chain_ess": [
        234.37878935349306,
        243.25296599696634,
        165.0011462635916
      ],
      "per_chain_rho_lag_1": [
        0.9911960522017912,
        0.9907379452984996,
        0.9905422008303036
      ],
      "per_chain_rho_lag_10": [
        0.9185946911928111,
        0.9130921981672542,
        0.9134725939429914
      ],
      "per_chain_rho_lag_100": [
        0.5229033016299707,
        0.49985008680487597,
        0.5146198196214221
      ],
      "combined_ess": 642.632901614051,
      "thinning_factor": 81,
      "converged": false
    },
    "seats_at_50_50": {
      "r_hat": 1.0014293819615312,
      "r_hat_W": 0.0002615157348182809,
      "r_hat_B": 0.05076137474330849,
      "r_hat_V_hat": 0.000262263880877666,
      "r_hat_m_half_chains": 6,
      "r_hat_n_per_half": 67500,
      "r_hat_half_chain_means": [
        0.4536481907194551,
        0.4534855683269476,
        0.45339344401873133,
        0.45233920817369094,
        0.454748233290762,
        0.4525287356321839
      ],
      "r_hat_note": "",
      "per_chain_n": [
        135000,
        135000,
        135000
      ],
      "per_chain_tau": [
        781.772554318848,
        538.7468919320863,
        604.0245828840892
      ],
      "per_chain_ess": [
        172.68449660224306,
        250.58149201725308,
        223.50083725964205
      ],
      "per_chain_rho_lag_1": [
        0.9917861596319816,
        0.9911000543492138,
        0.9910707137332618
      ],
      "per_chain_rho_lag_10": [
        0.9219355005308649,
        0.9172506961972541,
        0.9179525579362271
      ],
      "per_chain_rho_lag_100": [
        0.561808597019194,
        0.5153208033516878,
        0.5312989823547913
      ],
      "combined_ess": 646.7668258791382,
      "thinning_factor": 78,
      "converged": false
    }
  },
  "overall_converged": false,
  "max_r_hat": 1.009921747481085,
  "r_hat_converged_threshold": 1.01,
  "r_hat_acceptable_threshold": 1.05,
  "r_hat_fail_threshold": 1.1,
  "combined_ess_target": 1000,
  "total_runtime_sec": 5474.192431688309,
  "script_version": "v0_1_mcmc_multichain_ensemble.py"
}