{
  "efficiency_gap": {
    "n": 2000000,
    "tau": 460.097972175375,
    "n_eff": 4346.900271139779,
    "max_lag_used": 2000,
    "rho_lag_1": 0.9899538652276691,
    "rho_lag_10": 0.9069313027102914,
    "rho_lag_100": 0.4720313113407773
  },
  "mean_median": {
    "n": 2000000,
    "tau": 531.0812795435802,
    "n_eff": 3765.901900588234,
    "max_lag_used": 2000,
    "rho_lag_1": 0.9873732824573584,
    "rho_lag_10": 0.8909463124671709,
    "rho_lag_100": 0.49439771170368013
  },
  "declination": {
    "n": 2000000,
    "tau": 469.6920431030996,
    "n_eff": 4258.10917891362,
    "max_lag_used": 2000,
    "rho_lag_1": 0.9902229719564576,
    "rho_lag_10": 0.909141522766533,
    "rho_lag_100": 0.4808864295364775
  },
  "seats_at_50_50": {
    "n": 2000000,
    "tau": 637.2715127835934,
    "n_eff": 3138.3797327830125,
    "max_lag_used": 2000,
    "rho_lag_1": 0.9913046003632376,
    "rho_lag_10": 0.9194848029887955,
    "rho_lag_100": 0.5390758356006319
  }
}