{
  "method": {
    "n_perturbations_requested": 200,
    "n_perturbations_collected": 200,
    "seed": 42,
    "offset_meters": 500.0,
    "perturbation": "per-polygon independent translate(dx, dy) with dx, dy ~ Uniform(-offset_m, +offset_m); topology overlap handled by MAUP per-VA weight renormalisation.",
    "inputs": {
      "va_gpkg": "C:\\Users\\email\\Documents\\Claude\\Projects\\Electoral Boundary Analysis\\alberta_audit\\data\\va_polygons_with_full_2023_votes.gpkg",
      "majority_canonical_clean": "C:\\Users\\email\\Documents\\Claude\\Projects\\Electoral Boundary Analysis\\alberta_audit\\data\\v0_5_canonical_majority_2026_eds_da_anchored.gpkg",
      "minority_canonical_clean": "C:\\Users\\email\\Documents\\Claude\\Projects\\Electoral Boundary Analysis\\alberta_audit\\data\\v0_5_canonical_minority_2026_eds_da_anchored.gpkg"
    }
  },
  "conservation_gate": {
    "n_pass": 200,
    "n_total": 200,
    "pass_rate": 1.0,
    "all_realisations_conserved": true
  },
  "point_estimates_maup_v2": {
    "majority_eg_pct": -2.346182160488602,
    "minority_eg_pct": 1.002107484453266,
    "asymmetry_pp": 3.348289644941868,
    "majority_mm_pp": -1.3621963732590225,
    "minority_mm_pp": -1.5931047193678272,
    "majority_ndp_seats": 40,
    "minority_ndp_seats": 33
  },
  "metrics": {
    "majority_eg_pct": {
      "n": 200,
      "mean": -0.40395401164202,
      "std": 1.5649379335135418,
      "p5": -2.5117080120463866,
      "p50": 0.5983092527941329,
      "p95": 1.192359885954793,
      "min": -2.8980791889750814,
      "max": 2.951759769084898
    },
    "minority_eg_pct": {
      "n": 200,
      "mean": -2.4034025878912035,
      "std": 0.3800861836037149,
      "p5": -2.7253139022112607,
      "p50": -2.4578078490192485,
      "p95": -2.135813285849649,
      "min": -3.0261464540126575,
      "max": -0.2497891802832955
    },
    "asymmetry_pp": {
      "n": 200,
      "mean": -1.9994485762491836,
      "std": 1.5882139011388705,
      "p5": -3.7626750934343525,
      "p50": -2.958839495826017,
      "p95": 0.17819007304974374,
      "min": -5.410341835544991,
      "max": 1.8963083052449137
    },
    "majority_mm_pp": {
      "n": 200,
      "mean": -2.5186455648754658,
      "std": 0.19717460955182492,
      "p5": -2.795310772703764,
      "p50": -2.5251163633446705,
      "p95": -2.162768317203015,
      "min": -2.89094319491775,
      "max": -1.8388401824137424
    },
    "minority_mm_pp": {
      "n": 200,
      "mean": -1.0722474687523624,
      "std": 0.3178159459985549,
      "p5": -1.5553827085454375,
      "p50": -1.0786986583584346,
      "p95": -0.4478739478162235,
      "min": -1.7692264418398995,
      "max": 0.030624609322110752
    },
    "majority_declination": {
      "n": 200,
      "mean": -0.019192209216327062,
      "std": 0.010962350688074612,
      "p5": -0.033400476286640314,
      "p50": -0.017531445312538058,
      "p95": -0.0031854852085310857,
      "min": -0.04564288960687305,
      "max": -0.0020307188147240577
    },
    "minority_declination": {
      "n": 200,
      "mean": -0.025372121711058685,
      "std": 0.0072496482436411385,
      "p5": -0.039903325137638716,
      "p50": -0.026913440707941196,
      "p95": -0.01607635002065014,
      "min": -0.0449618282183683,
      "max": -0.003131056908264617
    },
    "majority_seats_at_50_ndp": {
      "n": 200,
      "mean": 47.665,
      "std": 0.6965637121076044,
      "p5": 47.0,
      "p50": 48.0,
      "p95": 49.0,
      "min": 46.0,
      "max": 49.0
    },
    "minority_seats_at_50_ndp": {
      "n": 200,
      "mean": 44.85,
      "std": 0.8839723045298871,
      "p5": 43.0,
      "p50": 45.0,
      "p95": 46.0,
      "min": 42.0,
      "max": 47.0
    },
    "majority_ndp_seats": {
      "n": 200,
      "mean": 38.135,
      "std": 0.8186120131910497,
      "p5": 37.0,
      "p50": 38.0,
      "p95": 39.04999999999998,
      "min": 37.0,
      "max": 40.0
    },
    "minority_ndp_seats": {
      "n": 200,
      "mean": 36.705,
      "std": 0.6163394939960415,
      "p5": 36.0,
      "p50": 37.0,
      "p95": 38.0,
      "min": 35.0,
      "max": 38.0
    }
  },
  "direction_stats": {
    "n_samples": 200,
    "n_positive": 18,
    "n_negative": 182,
    "n_near_zero_abs_lt_0p05": 11,
    "fraction_positive": 0.09,
    "p5_asymmetry": -3.7626750934343525,
    "p95_asymmetry": 0.17819007304974374,
    "ci90_crosses_zero": true
  },
  "outputs": {
    "samples_csv": "C:\\Users\\email\\Documents\\Claude\\Projects\\Electoral Boundary Analysis\\alberta_audit\\data\\v0_5_dpg_perturbation_samples.csv",
    "summary_json": "C:\\Users\\email\\Documents\\Claude\\Projects\\Electoral Boundary Analysis\\alberta_audit\\data\\v0_5_dpg_perturbation_summary.json",
    "writeup": "C:\\Users\\email\\Documents\\Claude\\Projects\\Electoral Boundary Analysis\\alberta_audit\\analysis\\reports\\v0_5_dpg_perturbation_analysis.md"
  }
}