{
  "swing_calibration": {
    "provincial": {
      "ucp_2p_2019": 0.6268303318415447,
      "ucp_2p_2023": 0.5412184264711003,
      "swing": -0.08561190537044439
    },
    "regions": {
      "Calgary": {
        "ucp_2p_2019": 0.5980547083979351,
        "ucp_2p_2023": 0.48317845506316265,
        "swing": -0.11487625333477242
      },
      "Edmonton": {
        "ucp_2p_2019": 0.39731695790622573,
        "ucp_2p_2023": 0.354283353482027,
        "swing": -0.043033604424198735
      },
      "Rural": {
        "ucp_2p_2019": 0.7438968846784478,
        "ucp_2p_2023": 0.662680078128873,
        "swing": -0.08121680654957486
      }
    },
    "ratio_to_provincial": {
      "Calgary": 1.3418256822774897,
      "Edmonton": 0.5026591130987155,
      "Rural": 0.9486625276957469
    }
  },
  "real_maps": [
    {
      "map": "2019_enacted",
      "s50_uniform": 0.45977011494252873,
      "s50_regional": 0.41379310344827586,
      "pct_uniform_10k": 79.2,
      "pct_uniform_100k": 76.876,
      "pct_regional_10k": 50.69,
      "n_districts": 87
    },
    {
      "map": "v0_9_majority",
      "s50_uniform": 0.4606741573033708,
      "s50_regional": 0.449438202247191,
      "pct_uniform_10k": 79.2,
      "pct_uniform_100k": 76.876,
      "pct_regional_10k": 99.49,
      "n_districts": 89
    },
    {
      "map": "v0_9_minority",
      "s50_uniform": 0.48314606741573035,
      "s50_regional": 0.4157303370786517,
      "pct_uniform_10k": 100.0,
      "pct_uniform_100k": 98.574,
      "pct_regional_10k": 50.69,
      "n_districts": 89
    }
  ],
  "ensemble_summary": {
    "n_steps": 10000,
    "note": "verification 10k subset; 87-district baseline; matches 100k production for s50_uniform mean within 0.002",
    "s50_uniform": {
      "mean": 0.45222413793103444,
      "p5": 0.425287356321839,
      "p50": 0.4482758620689655,
      "p95": 0.4827586206896552,
      "max": 0.4827586206896552
    },
    "s50_regional": {
      "mean": 0.41994597701149416,
      "p5": 0.4022988505747126,
      "p50": 0.4137931034482758,
      "p95": 0.4367816091954023,
      "max": 0.4597701149425287
    }
  }
}